Selection Result,Trial,Arena,Time bin,Velocity,Velocity,In zone,In zone,Zone alternation,Zone alternation,Zone alternation,Zone alternation,Distance moved 2,Acceleration,Acceleration
,,,,Center-point,Center-point,Inside / Center-point,Inside / Center-point,Center-point / Alternations,Center-point / Max alternations,Center-point / Direct revisits,Center-point / Indirect revisits,Center-point,Center-point,Center-point
,,,,Mean,Maximum,Frequency,Cumulative Duration,Frequency,Frequency,Frequency,Frequency,Total,Mean,Maximum
,,,,mm/s,mm/s,,s,,,,,mm,mm/s_,mm/s_
LD KO,Trial     4,A2,0:15:00-0:15:20,5.27753,151.72,0,0,0,0,0,0,105.551,-0.387833,6748.36
LD KO,Trial     4,A2,0:15:20-0:15:40,5.7301,42.9789,0,0,0,0,0,0,114.373,0.339144,1509.26
LD KO,Trial     4,A2,0:15:40-0:16:00,5.78733,87.0671,1,1.48,0,0,0,0,115.747,-0.0845455,3152.4
LD KO,Trial     4,A2,0:16:00-0:16:20,6.05429,138.645,1,1.8,0,0,0,0,121.086,0.300786,5929.96
LD KO,Trial     4,A2,0:16:20-0:16:40,6.09639,138.28,0,0,0,0,0,0,121.928,-0.312454,6335.96
LD KO,Trial     4,A2,0:16:40-0:17:00,5.53019,102.793,0,0,0,0,0,0,110.383,0.605291,4042.18
LD KO,Trial     4,A2,0:17:00-0:17:20,4.74568,60.0542,0,0,0,0,0,0,94.9136,-0.134034,1754.5
LD KO,Trial     4,A2,0:17:20-0:17:40,5.43656,117.429,0,0,0,0,0,0,108.731,-0.00315148,5243.92
LD KO,Trial     4,A2,0:17:40-0:18:00,5.66173,129.861,0,0,0,0,0,0,113.235,0.0493254,5380.46
LD KO,Trial     4,A2,0:18:00-0:18:20,5.39691,94.5874,0,0,0,0,0,0,107.722,0.118789,4016.96
LD KO,Trial     4,A4,0:15:00-0:15:20,6.65945,124.936,0,0,0,0,0,0,133.189,0.448883,5755.82
LD KO,Trial     4,A4,0:15:20-0:15:40,5.2849,112.726,1,3.28,0,0,0,0,105.487,-0.861922,4977.07
LD KO,Trial     4,A4,0:15:40-0:16:00,6.08806,52.3071,0,0,0,0,0,0,121.761,0.392543,1875.31
LD KO,Trial     4,A4,0:16:00-0:16:20,5.72094,106.799,0,0,0,0,0,0,114.419,0.219009,4817.44
LD KO,Trial     4,A4,0:16:20-0:16:40,5.21544,37.6855,0,0,0,0,0,0,104.309,-0.639941,871.901
LD KO,Trial     4,A4,0:16:40-0:17:00,6.13575,38.4086,0,0,0,0,0,0,122.469,0.455473,1280.4
LD KO,Trial     4,A4,0:17:00-0:17:20,6.62774,48.8849,2,3.9,0,0,0,0,132.555,1.28387,1822.89
LD KO,Trial     4,A4,0:17:20-0:17:40,6.51691,46.3378,0,0,0,0,0,0,130.338,-1.49952,2000.63
LD KO,Trial     4,A4,0:17:40-0:18:00,6.54297,38.313,0,0,0,0,0,0,130.859,0.0895367,1591
LD KO,Trial     4,A4,0:18:00-0:18:20,5.87649,31.9404,1,1.3,0,0,0,0,117.295,-0.111884,1358.34
LD KO,Trial     4,A6,0:15:00-0:15:20,5.06062,35.7524,0,0,0,0,0,0,101.212,-0.157086,1493.64
LD KO,Trial     4,A6,0:15:20-0:15:40,6.45372,100.964,0,0,0,0,0,0,128.816,-0.0618309,3185.84
LD KO,Trial     4,A6,0:15:40-0:16:00,6.49239,58.2257,0,0,0,0,0,0,129.848,0.00144316,1684.12
LD KO,Trial     4,A6,0:16:00-0:16:20,5.12489,60.9078,0,0,0,0,0,0,102.498,0.187022,1933.46
LD KO,Trial     4,A6,0:16:20-0:16:40,6.19947,103.271,0,0,0,0,0,0,123.989,-0.22044,4457.86
LD KO,Trial     4,A6,0:16:40-0:17:00,6.24799,116.393,2,2.36,0,0,0,0,124.71,-0.257629,5347.7
LD KO,Trial     4,A6,0:17:00-0:17:20,6.10195,139.385,0,0,0,0,0,0,122.039,0.00363393,5491.55
LD KO,Trial     4,A6,0:17:20-0:17:40,4.46843,41.9973,2,2.08,0,0,0,0,89.3687,0.608527,1264.28
LD KO,Trial     4,A6,0:17:40-0:18:00,4.08366,108.559,5,7.54,0,0,0,0,81.6732,-0.625281,3809.7
LD KO,Trial     4,A6,0:18:00-0:18:20,5.05466,101.79,0,0,0,0,0,0,100.891,0.00964014,4474.48
LD KO,Trial     4,B1,0:15:00-0:15:20,6.54266,134.949,1,0.1,0,0,0,0,130.853,1.71929,5706.17
LD KO,Trial     4,B1,0:15:20-0:15:40,5.70757,166.304,2,1.8,0,0,0,0,113.923,-1.70744,7209.47
LD KO,Trial     4,B1,0:15:40-0:16:00,6.66511,65.9247,4,3.46,0,0,0,0,133.302,0.0271155,3218.5
LD KO,Trial     4,B1,0:16:00-0:16:20,5.71046,61.0556,0,0,0,0,0,0,114.209,0.101654,2268.19
LD KO,Trial     4,B1,0:16:20-0:16:40,5.41421,68.6064,2,3.5,0,0,0,0,108.284,-0.132343,3110.21
LD KO,Trial     4,B1,0:16:40-0:17:00,7.43768,136.029,1,0.3,0,0,0,0,148.456,0.797227,5015.57
LD KO,Trial     4,B1,0:17:00-0:17:20,4.94414,49.4386,0,0,0,0,0,0,98.8828,-0.449378,1478.7
LD KO,Trial     4,B1,0:17:20-0:17:40,6.01986,81.9392,9,3.52,0,0,0,0,120.397,-0.282146,2886.7
LD KO,Trial     4,B1,0:17:40-0:18:00,5.9299,117.678,2,2.06,0,0,0,0,118.598,0.1831,4518.96
LD KO,Trial     4,B1,0:18:00-0:18:20,5.53178,161.81,3,4.06,0,0,0,0,110.414,-0.125141,7283.65
LD KO,Trial     4,B2,0:15:00-0:15:20,5.16908,58.0872,13,10.18,0,0,0,0,103.382,0.208466,2732.21
LD KO,Trial     4,B2,0:15:20-0:15:40,5.08906,68.6277,2,11.94,0,0,0,0,101.578,-0.24706,3014.6
LD KO,Trial     4,B2,0:15:40-0:16:00,5.40551,82.7572,20,4.28,0,0,0,0,108.11,0.0798667,4116.5
LD KO,Trial     4,B2,0:16:00-0:16:20,5.08891,98.6103,2,3.82,0,0,0,0,101.778,-0.104805,3212.86
LD KO,Trial     4,B2,0:16:20-0:16:40,3.75836,48.3659,3,13.02,0,0,0,0,75.1672,-0.0121472,2232.76
LD KO,Trial     4,B2,0:16:40-0:17:00,3.13522,142.612,2,15.52,0,0,0,0,62.5789,-0.0115789,4828.01
LD KO,Trial     4,B2,0:17:00-0:17:20,4.3945,170.774,3,8.96,0,0,0,0,87.89,0.00862184,7563.68
LD KO,Trial     4,B2,0:17:20-0:17:40,3.20124,161.05,1,0.14,0,0,0,0,64.0248,-0.0128723,5569.96
LD KO,Trial     4,B2,0:17:40-0:18:00,4.20622,113.603,4,4.84,0,0,0,0,84.1245,-0.0339341,4731.63
LD KO,Trial     4,B2,0:18:00-0:18:20,2.56001,29.0202,0,0,0,0,0,0,51.0979,0.0461767,853.935
LD KO,Trial     4,C1,0:15:00-0:15:20,4.24094,111.745,0,0,0,0,0,0,84.8189,-0.289386,4351.46
LD KO,Trial     4,C1,0:15:20-0:15:40,3.80606,91.6123,12,12.5,0,0,0,0,75.969,-0.063321,3870.83
LD KO,Trial     4,C1,0:15:40-0:16:00,3.12549,98.0451,2,0.66,0,0,0,0,62.5099,0.036721,3848.76
LD KO,Trial     4,C1,0:16:00-0:16:20,4.03209,113.53,1,7.32,0,0,0,0,80.6418,-0.0742341,4784.13
LD KO,Trial     4,C1,0:16:20-0:16:40,5.66137,45.8167,0,0,0,0,0,0,113.227,0.286247,1588.67
LD KO,Trial     4,C1,0:16:40-0:17:00,3.91876,43.6649,0,0,0,0,0,0,78.2185,-0.300729,1807.71
LD KO,Trial     4,C1,0:17:00-0:17:20,5.86869,109.462,0,0,0,0,0,0,117.374,0.323678,4265.47
LD KO,Trial     4,C1,0:17:20-0:17:40,4.0503,112.439,1,6.44,0,0,0,0,81.006,-0.312602,4415.1
LD KO,Trial     4,C1,0:17:40-0:18:00,4.31445,125.659,30,8.6,0,0,0,0,86.289,-0.0263443,4973.62
LD KO,Trial     4,C1,0:18:00-0:18:20,3.93242,45.868,1,0.24,0,0,0,0,78.4911,0.0851256,1336.22
LD KO,Trial     4,C6,0:15:00-0:15:20,4.53943,133.626,3,0.96,0,0,0,0,90.7887,0.15673,4418.02
LD KO,Trial     4,C6,0:15:20-0:15:40,4.49358,158.478,3,2.22,0,0,0,0,89.6919,-0.110625,6903.39
LD KO,Trial     4,C6,0:15:40-0:16:00,5.0718,131.369,1,1.64,0,0,0,0,101.436,-0.256674,5123.3
LD KO,Trial     4,C6,0:16:00-0:16:20,4.46004,138.307,3,7.52,0,0,0,0,89.2008,0.0798616,5279.36
LD KO,Trial     4,C6,0:16:20-0:16:40,3.84775,146.726,2,6.94,0,0,0,0,76.9549,-0.0690873,5959.95
LD KO,Trial     4,C6,0:16:40-0:17:00,4.80594,135.145,1,0.14,0,0,0,0,95.9265,0.476591,5596.55
LD KO,Trial     4,C6,0:17:00-0:17:20,3.90238,158.15,0,0,0,0,0,0,78.0475,-0.230707,6674.26
LD KO,Trial     4,C6,0:17:20-0:17:40,3.5208,102.455,0,0,0,0,0,0,70.416,0.0243092,2226.73
LD KO,Trial     4,C6,0:17:40-0:18:00,4.19077,130.596,0,0,0,0,0,0,83.8154,0.0110527,4877.1
LD KO,Trial     4,C6,0:18:00-0:18:20,5.73282,132.229,0,0,0,0,0,0,114.427,0.00586344,6176.62
LD KO,Trial     5,A1,0:15:00-0:15:20,6.813,170.021,0,0,0,0,0,0,136.26,-0.602122,8303.88
LD KO,Trial     5,A1,0:15:20-0:15:40,8.37236,53.5838,0,0,0,0,0,0,167.112,-0.23654,1403.36
LD KO,Trial     5,A1,0:15:40-0:16:00,6.29199,67.0106,0,0,0,0,0,0,125.84,-0.0786274,1879.58
LD KO,Trial     5,A1,0:16:00-0:16:20,5.70341,96.7689,0,0,0,0,0,0,114.068,-0.0229791,2933.36
LD KO,Trial     5,A1,0:16:20-0:16:40,5.19044,49.2301,3,5.36,0,0,0,0,103.601,0.496736,1902.15
LD KO,Trial     5,A1,0:16:40-0:17:00,5.78198,60.638,1,1.76,0,0,0,0,115.408,0.00489447,1548.81
LD KO,Trial     5,A1,0:17:00-0:17:20,5.67305,89.366,3,2.84,0,0,0,0,113.461,0.221154,2067.95
LD KO,Trial     5,A1,0:17:20-0:17:40,4.88639,59.7094,1,5.02,0,0,0,0,97.7279,-0.37445,2162.47
LD KO,Trial     5,A1,0:17:40-0:18:00,7.2962,123.958,0,0,0,0,0,0,145.924,-0.0890631,5154.24
LD KO,Trial     5,A1,0:18:00-0:18:20,5.92825,42.7737,1,0.18,0,0,0,0,118.565,0.151672,1579.84
LD KO,Trial     5,A3,0:15:00-0:15:20,6.25941,96.4241,0,0,0,0,0,0,125.188,0.731784,4097.09
LD KO,Trial     5,A3,0:15:20-0:15:40,4.79501,130.645,4,7.32,0,0,0,0,95.7083,0.355571,5742.86
LD KO,Trial     5,A3,0:15:40-0:16:00,5.18355,103.036,6,4.04,0,0,0,0,103.671,-0.0399529,4217.88
LD KO,Trial     5,A3,0:16:00-0:16:20,4.9165,119.553,7,2.78,0,0,0,0,98.3301,0.00710796,3817.84
LD KO,Trial     5,A3,0:16:20-0:16:40,6.16543,105.167,3,1.86,0,0,0,0,123.062,-0.126259,4696.22
LD KO,Trial     5,A3,0:16:40-0:17:00,5.19555,62.1031,0,0,0,0,0,0,103.703,0.231654,2725.44
LD KO,Trial     5,A3,0:17:00-0:17:20,6.31778,122.044,0,0,0,0,0,0,126.356,-0.102363,5343.77
LD KO,Trial     5,A3,0:17:20-0:17:40,5.44938,134.543,0,0,0,0,0,0,108.988,-0.122237,3969.12
LD KO,Trial     5,A3,0:17:40-0:18:00,5.84001,120.07,0,0,0,0,0,0,116.8,0.0302376,5027.94
LD KO,Trial     5,A3,0:18:00-0:18:20,5.28387,28.9329,0,0,0,0,0,0,105.677,0.253582,1343.53
LD KO,Trial     5,A6,0:15:00-0:15:20,5.60666,73.1578,1,0.58,0,0,0,0,112.133,-0.0938117,2596.9
LD KO,Trial     5,A6,0:15:20-0:15:40,5.64571,38.3917,0,0,0,0,0,0,112.688,-0.494194,1672.12
LD KO,Trial     5,A6,0:15:40-0:16:00,5.18107,73.3788,1,4.34,0,0,0,0,103.621,-0.105195,2549.82
LD KO,Trial     5,A6,0:16:00-0:16:20,6.31296,46.0863,1,0.12,0,0,0,0,126.259,0.0251203,1280.62
LD KO,Trial     5,A6,0:16:20-0:16:40,6.50436,31.3249,0,0,0,0,0,0,129.827,-0.154316,1023.65
LD KO,Trial     5,A6,0:16:40-0:17:00,5.01368,28.4794,0,0,0,0,0,0,100.073,0.284616,1192.03
LD KO,Trial     5,A6,0:17:00-0:17:20,5.52213,41.1123,0,0,0,0,0,0,110.443,-0.0157514,1236.95
LD KO,Trial     5,A6,0:17:20-0:17:40,5.88535,40.8815,1,4.16,0,0,0,0,117.707,-0.0198103,1218.63
LD KO,Trial     5,A6,0:17:40-0:18:00,4.62797,69.032,0,0,0,0,0,0,92.5594,0.0358978,2164.23
LD KO,Trial     5,A6,0:18:00-0:18:20,5.49159,35.0316,11,4.74,0,0,0,0,109.832,-0.0206397,1348.76
LD KO,Trial     5,B4,0:15:00-0:15:20,5.87626,167.404,2,2.88,0,0,0,0,117.525,-0.0440513,6917.16
LD KO,Trial     5,B4,0:15:20-0:15:40,4.43024,128.525,1,0.12,0,0,0,0,88.4275,-0.374183,5845.24
LD KO,Trial     5,B4,0:15:40-0:16:00,4.85352,103.243,0,0,0,0,0,0,97.0705,-0.0733933,3958.84
LD KO,Trial     5,B4,0:16:00-0:16:20,4.60441,46.014,0,0,0,0,0,0,92.0882,0.596056,1287.02
LD KO,Trial     5,B4,0:16:20-0:16:40,4.75132,66.3563,2,6.9,0,0,0,0,94.8363,-0.94339,1641.92
LD KO,Trial     5,B4,0:16:40-0:17:00,4.94393,68.6606,1,3.48,0,0,0,0,98.6808,0.099487,1472.16
LD KO,Trial     5,B4,0:17:00-0:17:20,5.35787,157.27,4,3.1,0,0,0,0,107.157,0.0174352,5951.79
LD KO,Trial     5,B4,0:17:20-0:17:40,5.83791,143.122,1,0.06,0,0,0,0,116.758,0.455141,6018.92
LD KO,Trial     5,B4,0:17:40-0:18:00,4.90343,132.717,0,0,0,0,0,0,98.0686,-0.240904,5018.4
LD KO,Trial     5,B4,0:18:00-0:18:20,4.65833,60.1936,0,0,0,0,0,0,93.1666,-0.076422,1642.9
LD KO,Trial     5,C2,0:15:00-0:15:20,4.93553,138.369,35,5.62,0,0,0,0,98.7106,0.183067,4535.16
LD KO,Trial     5,C2,0:15:20-0:15:40,4.52044,83.6155,3,4.8,0,0,0,0,90.228,-0.195534,3710.89
LD KO,Trial     5,C2,0:15:40-0:16:00,4.58562,83.6454,2,0.08,0,0,0,0,91.7124,-0.0381988,3636.05
LD KO,Trial     5,C2,0:16:00-0:16:20,4.79742,51.3301,0,0,0,0,0,0,95.9484,-0.00478316,1340.51
LD KO,Trial     5,C2,0:16:20-0:16:40,4.55936,56.0552,0,0,0,0,0,0,91.0048,0.657167,1934.28
LD KO,Trial     5,C2,0:16:40-0:17:00,4.67641,110.956,0,0,0,0,0,0,93.3411,0.0777111,5269.97
LD KO,Trial     5,C2,0:17:00-0:17:20,4.72666,106.526,0,0,0,0,0,0,94.5332,-0.345181,4022.61
LD KO,Trial     5,C2,0:17:20-0:17:40,5.09581,126.677,3,0.82,0,0,0,0,101.916,0.695338,5351.14
LD KO,Trial     5,C2,0:17:40-0:18:00,4.44141,113.749,0,0,0,0,0,0,88.8283,-0.404451,3020.58
LD KO,Trial     5,C2,0:18:00-0:18:20,4.72263,146.703,0,0,0,0,0,0,94.4526,0.447686,4986.8
LD KO,Trial     5,C3,0:15:00-0:15:20,3.99422,128.494,1,0.1,0,0,0,0,79.8844,-0.116175,4464.34
LD KO,Trial     5,C3,0:15:20-0:15:40,3.14582,126.979,3,9.74,0,0,0,0,62.7905,0.098426,4218.69
LD KO,Trial     5,C3,0:15:40-0:16:00,3.09603,100.893,1,0.12,0,0,0,0,61.9206,0.00608236,4001.34
LD KO,Trial     5,C3,0:16:00-0:16:20,4.9261,95.6498,2,3.18,0,0,0,0,98.5221,0.114153,3799.57
LD KO,Trial     5,C3,0:16:20-0:16:40,3.03834,110.093,0,0,0,0,0,0,60.6453,-0.265909,5254.72
LD KO,Trial     5,C3,0:16:40-0:17:00,3.45157,81.6371,0,0,0,0,0,0,68.8933,0.0598828,3829.56
LD KO,Trial     5,C3,0:17:00-0:17:20,4.46871,99.5707,7,7.44,0,0,0,0,89.3742,1.02291,3106.68
LD KO,Trial     5,C3,0:17:20-0:17:40,3.56737,104.863,4,10.06,0,0,0,0,71.3473,-1.02413,4921.34
LD KO,Trial     5,C3,0:17:40-0:18:00,3.54203,80.01,2,8.84,0,0,0,0,70.8405,0.146959,2398.11
LD KO,Trial     5,C3,0:18:00-0:18:20,2.72558,43.3502,1,0.02,0,0,0,0,54.5115,0.214628,1378.73
LD KO,Trial     5,C5,0:15:00-0:15:20,5.48563,156.074,7,0.26,0,0,0,0,109.713,-0.0434495,7015.72
LD KO,Trial     5,C5,0:15:20-0:15:40,5.33059,118.767,1,3.26,0,0,0,0,106.399,0.694573,5414.91
LD KO,Trial     5,C5,0:15:40-0:16:00,5.48084,47.1367,0,0,0,0,0,0,109.617,-0.0928717,1366.38
LD KO,Trial     5,C5,0:16:00-0:16:20,5.26595,92.0814,0,0,0,0,0,0,105.319,0.249618,3684.6
LD KO,Trial     5,C5,0:16:20-0:16:40,5.05795,53.3168,0,0,0,0,0,0,100.957,-0.0399789,1436.5
LD KO,Trial     5,C5,0:16:40-0:17:00,5.03477,109.167,1,3.66,0,0,0,0,100.494,-0.378391,5230.76
LD KO,Trial     5,C5,0:17:00-0:17:20,5.04353,83.9575,1,1.52,0,0,0,0,100.871,0.229992,3158.53
LD KO,Trial     5,C5,0:17:20-0:17:40,5.47396,47.3286,9,1.88,0,0,0,0,109.479,0.940899,1246.9
LD KO,Trial     5,C5,0:17:40-0:18:00,4.56047,31.6221,2,3.14,0,0,0,0,91.2095,-0.938233,1139.08
LD KO,Trial     5,C5,0:18:00-0:18:20,5.05022,36.215,1,2.9,0,0,0,0,101.004,-0.131258,1353.13
LD KO,Trial     6,A2,0:15:00-0:15:20,5.64841,125.351,4,2.6,0,0,0,0,112.968,0.268655,5379.08
LD KO,Trial     6,A2,0:15:20-0:15:40,5.20108,110.117,1,1.22,0,0,0,0,103.814,-0.613168,4333.4
LD KO,Trial     6,A2,0:15:40-0:16:00,6.1909,48.6972,0,0,0,0,0,0,123.818,0.320422,1353.62
LD KO,Trial     6,A2,0:16:00-0:16:20,4.89547,34.1541,2,4.36,0,0,0,0,97.9094,-0.291721,1548.35
LD KO,Trial     6,A2,0:16:20-0:16:40,5.29902,58.582,2,4.64,0,0,0,0,105.98,0.19711,2167.58
LD KO,Trial     6,A2,0:16:40-0:17:00,5.55722,38.5412,9,3.24,0,0,0,0,110.922,0.627598,1433.91
LD KO,Trial     6,A2,0:17:00-0:17:20,4.85665,27.6479,1,4.52,0,0,0,0,97.1329,-0.678934,1058.23
LD KO,Trial     6,A2,0:17:20-0:17:40,5.72703,39.9571,1,3.2,0,0,0,0,114.541,-0.131247,1588.68
LD KO,Trial     6,A2,0:17:40-0:18:00,5.75804,114.044,2,1.1,0,0,0,0,115.161,0.502781,4587.63
LD KO,Trial     6,A2,0:18:00-0:18:20,4.76043,32.5719,3,3.02,0,0,0,0,95.2087,-0.349044,967.968
LD KO,Trial     6,A4,0:15:00-0:15:20,5.40669,122.155,3,4.08,0,0,0,0,108.134,0.0428314,4098.5
LD KO,Trial     6,A4,0:15:20-0:15:40,4.04576,119.778,5,6.5,0,0,0,0,80.7533,-0.0389996,3027.48
LD KO,Trial     6,A4,0:15:40-0:16:00,5.33786,93.8099,3,5.36,0,0,0,0,106.757,-0.0297182,3407.25
LD KO,Trial     6,A4,0:16:00-0:16:20,5.21801,136.736,1,0.78,0,0,0,0,104.36,0.0729744,5466.57
LD KO,Trial     6,A4,0:16:20-0:16:40,5.97481,119.64,3,5.18,0,0,0,0,119.496,0.555742,5313.93
LD KO,Trial     6,A4,0:16:40-0:17:00,4.55621,119.041,1,12.8,0,0,0,0,90.942,-0.292376,1683.66
LD KO,Trial     6,A4,0:17:00-0:17:20,4.23088,109.797,3,2.1,0,0,0,0,84.6175,-0.18243,4467.75
LD KO,Trial     6,A4,0:17:20-0:17:40,5.74046,79.7445,4,4.08,0,0,0,0,114.809,0.0773516,3683.05
LD KO,Trial     6,A4,0:17:40-0:18:00,5.24796,52.1116,3,1.78,0,0,0,0,104.959,0.0957615,1849.89
LD KO,Trial     6,A4,0:18:00-0:18:20,7.30206,149.92,6,4.64,0,0,0,0,146.041,-0.212441,3887.68
LD KO,Trial     6,A5,0:15:00-0:15:20,4.93627,128.511,11,6.48,0,0,0,0,98.7255,-0.0738512,5995.92
LD KO,Trial     6,A5,0:15:20-0:15:40,2.46211,8.62225,1,20,0,0,0,0,49.1438,0.193361,366.495
LD KO,Trial     6,A5,0:15:40-0:16:00,3.68229,104.647,1,9.92,0,0,0,0,73.6458,0.408839,2162.7
LD KO,Trial     6,A5,0:16:00-0:16:20,6.89047,19.4604,0,0,0,0,0,0,137.809,-0.412195,745.166
LD KO,Trial     6,A5,0:16:20-0:16:40,4.83334,67.109,0,0,0,0,0,0,96.6669,0.0435628,3232.32
LD KO,Trial     6,A5,0:16:40-0:17:00,3.9979,91.0696,0,0,0,0,0,0,79.798,0.863828,2767.1
LD KO,Trial     6,A5,0:17:00-0:17:20,3.12449,55.2203,1,12.98,0,0,0,0,62.4899,-0.926286,2651.22
LD KO,Trial     6,A5,0:17:20-0:17:40,2.25914,26.8983,3,15.04,0,0,0,0,45.1827,-0.0125098,1054.8
LD KO,Trial     6,A5,0:17:40-0:18:00,2.2805,13.4878,27,2.24,0,0,0,0,45.61,0.199933,421.565
LD KO,Trial     6,A5,0:18:00-0:18:20,3.26897,46.8078,2,17.74,0,0,0,0,65.3794,-0.135196,1987.76
LD KO,Trial     6,B1,0:15:00-0:15:20,5.79053,97.529,1,1.1,0,0,0,0,115.811,-0.225956,3777.21
LD KO,Trial     6,B1,0:15:20-0:15:40,5.20737,35.9697,3,0.52,0,0,0,0,103.939,-0.111103,1383.31
LD KO,Trial     6,B1,0:15:40-0:16:00,4.5069,96.8395,0,0,0,0,0,0,90.138,-0.128043,3179.97
LD KO,Trial     6,B1,0:16:00-0:16:20,4.57041,127.612,1,3.38,0,0,0,0,91.4082,0.0112233,5419.78
LD KO,Trial     6,B1,0:16:20-0:16:40,6.40714,41.5797,4,4.86,0,0,0,0,128.143,0.233219,1935.39
LD KO,Trial     6,B1,0:16:40-0:17:00,5.55691,62.0878,1,1.04,0,0,0,0,110.916,-0.083243,1769.51
LD KO,Trial     6,B1,0:17:00-0:17:20,7.04491,52.9201,1,0.14,0,0,0,0,140.898,0.602336,1594.22
LD KO,Trial     6,B1,0:17:20-0:17:40,4.86451,39.2765,3,3.88,0,0,0,0,97.2903,-0.649186,1454.33
LD KO,Trial     6,B1,0:17:40-0:18:00,4.35712,24.638,0,0,0,0,0,0,87.1424,0.303214,994.594
LD KO,Trial     6,B1,0:18:00-0:18:20,5.58069,31.2913,0,0,0,0,0,0,111.614,-0.347374,1038.93
LD KOKO,Trial     4,A1,0:15:00-0:15:20,6.63644,125.491,0,0,0,0,0,0,132.729,-0.0364563,5738.5
LD KOKO,Trial     4,A1,0:15:20-0:15:40,5.83548,78.52,4,4.32,0,0,0,0,116.476,-0.11068,3812.88
LD KOKO,Trial     4,A1,0:15:40-0:16:00,6.10761,124.434,2,3.26,0,0,0,0,122.152,-0.0213514,5105.28
LD KOKO,Trial     4,A1,0:16:00-0:16:20,5.70623,135.618,2,3.02,0,0,0,0,114.125,-0.0325056,5868.45
LD KOKO,Trial     4,A1,0:16:20-0:16:40,5.22198,68.1469,2,6.46,0,0,0,0,104.44,0.0121852,3106.1
LD KOKO,Trial     4,A1,0:16:40-0:17:00,6.20562,104.096,2,2,0,0,0,0,123.864,0.407597,4992.99
LD KOKO,Trial     4,A1,0:17:00-0:17:20,5.67056,86.6994,6,3.84,0,0,0,0,113.411,-0.218551,3577.87
LD KOKO,Trial     4,A1,0:17:20-0:17:40,6.3161,184.512,2,0.08,0,0,0,0,126.322,-0.00623115,8663.87
LD KOKO,Trial     4,A1,0:17:40-0:18:00,5.92182,117.443,0,0,0,0,0,0,118.436,0.0455546,3161.41
LD KOKO,Trial     4,A1,0:18:00-0:18:20,5.67887,44.6696,0,0,0,0,0,0,113.35,-0.0201231,1518.38
LD KOKO,Trial     4,A3,0:15:00-0:15:20,6.7793,186.527,1,1.96,0,0,0,0,135.586,-0.222439,7925.36
LD KOKO,Trial     4,A3,0:15:20-0:15:40,5.31186,28.9963,0,0,0,0,0,0,106.025,0.155933,1135.93
LD KOKO,Trial     4,A3,0:15:40-0:16:00,5.93494,37.7181,2,3.5,0,0,0,0,118.699,0.102107,1166.44
LD KOKO,Trial     4,A3,0:16:00-0:16:20,5.46441,37.1421,2,4.26,0,0,0,0,109.288,-0.0511103,1492.53
LD KOKO,Trial     4,A3,0:16:20-0:16:40,6.38011,34.7925,4,7.08,0,0,0,0,127.602,0.563057,1602.18
LD KOKO,Trial     4,A3,0:16:40-0:17:00,5.84876,81.1597,0,0,0,0,0,0,116.741,-0.487919,2595.41
LD KOKO,Trial     4,A3,0:17:00-0:17:20,5.01804,45.3383,1,2.46,0,0,0,0,100.361,-0.330849,1200.25
LD KOKO,Trial     4,A3,0:17:20-0:17:40,4.90838,42.7407,8,7.46,0,0,0,0,98.1676,-0.0538208,1191.63
LD KOKO,Trial     4,A3,0:17:40-0:18:00,4.61131,48.8044,3,9.02,0,0,0,0,92.2262,0.0957259,1900.51
LD KOKO,Trial     4,A3,0:18:00-0:18:20,5.32162,44.8482,5,2.06,0,0,0,0,106.22,0.281811,1298.7
LD KOKO,Trial     4,B4,0:15:00-0:15:20,6.07846,166.97,2,3.48,0,0,0,0,121.569,-0.855742,7128.94
LD KOKO,Trial     4,B4,0:15:20-0:15:40,5.81064,139.011,1,0.28,0,0,0,0,115.98,0.289581,6353.25
LD KOKO,Trial     4,B4,0:15:40-0:16:00,5.70052,43.5504,2,2.92,0,0,0,0,114.01,-0.190104,1631.73
LD KOKO,Trial     4,B4,0:16:00-0:16:20,5.19914,35.2565,2,2.12,0,0,0,0,103.983,0.211489,1254.02
LD KOKO,Trial     4,B4,0:16:20-0:16:40,5.49667,125.285,2,1.1,0,0,0,0,109.933,-0.156076,6048.08
LD KOKO,Trial     4,B4,0:16:40-0:17:00,5.43496,127.861,1,0.4,0,0,0,0,108.482,-0.0789964,5811.2
LD KOKO,Trial     4,B4,0:17:00-0:17:20,4.96221,44.9131,1,2.02,0,0,0,0,99.2441,0.345096,1844.25
LD KOKO,Trial     4,B4,0:17:20-0:17:40,5.24142,46.0918,18,2.14,0,0,0,0,104.828,-0.303161,1577.58
LD KOKO,Trial     4,B4,0:17:40-0:18:00,4.3889,38.3966,1,2.66,0,0,0,0,87.7779,0.0320651,1450.03
LD KOKO,Trial     4,B4,0:18:00-0:18:20,5.16818,105.779,2,3.64,0,0,0,0,103.157,-0.0625983,4940.15
LD KOKO,Trial     4,C5,0:15:00-0:15:20,3.43097,147.371,1,0.1,0,0,0,0,68.6193,-0.19147,5849.31
LD KOKO,Trial     4,C5,0:15:20-0:15:40,3.83885,115.005,1,1.7,0,0,0,0,76.6234,0.166293,4573.6
LD KOKO,Trial     4,C5,0:15:40-0:16:00,3.62523,85.418,1,1.7,0,0,0,0,72.5045,0.0988939,2920.79
LD KOKO,Trial     4,C5,0:16:00-0:16:20,3.55035,126.829,5,19.92,0,0,0,0,71.007,-0.314553,5110.52
LD KOKO,Trial     4,C5,0:16:20-0:16:40,3.0613,119.349,4,17.8,0,0,0,0,61.226,0.0183498,4952.52
LD KOKO,Trial     4,C5,0:16:40-0:17:00,3.65859,47.3624,1,0.16,0,0,0,0,73.0255,0.150988,1553.42
LD KOKO,Trial     4,C5,0:17:00-0:17:20,3.9015,159.61,1,15.74,0,0,0,0,78.0299,0.0887386,6623.82
LD KOKO,Trial     4,C5,0:17:20-0:17:40,3.65151,108.691,1,6.32,0,0,0,0,73.0303,-0.211727,4427.87
LD KOKO,Trial     4,C5,0:17:40-0:18:00,3.96495,127.257,5,0.96,0,0,0,0,79.2989,-0.0463018,5232.93
LD KOKO,Trial     4,C5,0:18:00-0:18:20,3.14557,25.9267,1,9.6,0,0,0,0,62.7856,-0.0164699,1059.21
LD KOKO,Trial     5,A2,0:15:00-0:15:20,3.13472,131.264,0,0,0,0,0,0,62.6944,-0.204595,4458.46
LD KOKO,Trial     5,A2,0:15:20-0:15:40,3.44598,34.8353,1,16.8,0,0,0,0,68.7817,0.218752,1075.46
LD KOKO,Trial     5,A2,0:15:40-0:16:00,2.92875,18.9122,1,10.34,0,0,0,0,58.5751,-0.00794876,684.349
LD KOKO,Trial     5,A2,0:16:00-0:16:20,2.98328,19.2794,19,10.42,0,0,0,0,59.6657,-0.284401,654.726
LD KOKO,Trial     5,A2,0:16:20-0:16:40,3.63598,82.3379,0,0,0,0,0,0,72.5741,0.155485,4024.13
LD KOKO,Trial     5,A2,0:16:40-0:17:00,3.82877,30.2895,12,16.06,0,0,0,0,76.4223,-0.198064,876.385
LD KOKO,Trial     5,A2,0:17:00-0:17:20,3.27572,27.381,16,7.86,0,0,0,0,65.5144,-0.0367989,995.889
LD KOKO,Trial     5,A2,0:17:20-0:17:40,2.39592,22.8296,0,0,0,0,0,0,47.9183,0.354339,1119.37
LD KOKO,Trial     5,A2,0:17:40-0:18:00,3.1989,16.6217,0,0,0,0,0,0,63.9781,-0.488928,518.051
LD KOKO,Trial     5,A2,0:18:00-0:18:20,3.77802,39.6979,0,0,0,0,0,0,75.5603,0.0330324,1159.82
LD KOKO,Trial     5,A5,0:15:00-0:15:20,5.19066,62.9372,2,9.7,0,0,0,0,103.813,-0.366126,2349.41
LD KOKO,Trial     5,A5,0:15:20-0:15:40,4.52063,138.609,1,0.1,0,0,0,0,90.2318,0.147356,5797.1
LD KOKO,Trial     5,A5,0:15:40-0:16:00,4.27304,95.1022,3,11.08,0,0,0,0,85.4608,0.139107,3449.74
LD KOKO,Trial     5,A5,0:16:00-0:16:20,4.03435,100.104,2,10.3,0,0,0,0,80.6869,-0.233706,3880.83
LD KOKO,Trial     5,A5,0:16:20-0:16:40,4.5309,104.851,3,4.42,0,0,0,0,90.4368,0.317691,4927.38
LD KOKO,Trial     5,A5,0:16:40-0:17:00,4.71754,115.107,0,0,0,0,0,0,94.1621,-0.650401,3769.05
LD KOKO,Trial     5,A5,0:17:00-0:17:20,3.89224,42.4377,0,0,0,0,0,0,77.8448,0.107025,1482.31
LD KOKO,Trial     5,A5,0:17:20-0:17:40,3.29347,80.0742,1,19.82,0,0,0,0,65.8695,0.00487833,3578.52
LD KOKO,Trial     5,A5,0:17:40-0:18:00,4.63639,117.181,27,1.88,0,0,0,0,92.7278,0.0288834,4417.42
LD KOKO,Trial     5,A5,0:18:00-0:18:20,3.43774,98.3357,3,14.84,0,0,0,0,68.7549,-0.118932,2855.85
LD KOKO,Trial     5,B3,0:15:00-0:15:20,4.85207,112.563,1,5.88,0,0,0,0,97.0413,0.209822,3868.93
LD KOKO,Trial     5,B3,0:15:20-0:15:40,4.19416,89.4692,1,2.36,0,0,0,0,83.7155,-0.328395,3766.35
LD KOKO,Trial     5,B3,0:15:40-0:16:00,3.4121,61.2497,0,0,0,0,0,0,68.2419,0.129513,2263.25
LD KOKO,Trial     5,B3,0:16:00-0:16:20,4.06401,130.713,8,1.82,0,0,0,0,81.2802,-0.137923,5507.78
LD KOKO,Trial     5,B3,0:16:20-0:16:40,3.85866,61.2181,0,0,0,0,0,0,77.0188,0.172504,1476.94
LD KOKO,Trial     5,B3,0:16:40-0:17:00,4.00014,34.121,4,6.52,0,0,0,0,79.8429,-0.0738057,801.402
LD KOKO,Trial     5,B3,0:17:00-0:17:20,4.35249,29.9439,0,0,0,0,0,0,87.0499,-0.0244047,976.06
LD KOKO,Trial     5,B3,0:17:20-0:17:40,3.80988,42.192,0,0,0,0,0,0,76.1975,0.0774562,1086.18
LD KOKO,Trial     5,B3,0:17:40-0:18:00,4.075,56.2303,1,3.6,0,0,0,0,81.5,0.169817,2559.5
LD KOKO,Trial     5,B3,0:18:00-0:18:20,3.17628,22.4976,0,0,0,0,0,0,63.5256,-0.111409,713.448
LD KOKO,Trial     5,B6,0:15:00-0:15:20,4.08217,166.808,1,0.1,0,0,0,0,81.6433,0.0188575,6728.66
LD KOKO,Trial     5,B6,0:15:20-0:15:40,3.36799,63.6895,0,0,0,0,0,0,67.2251,-0.221689,2204.45
LD KOKO,Trial     5,B6,0:15:40-0:16:00,2.59339,89.052,0,0,0,0,0,0,51.8677,0.0108011,2096.81
LD KOKO,Trial     5,B6,0:16:00-0:16:20,3.52175,113.443,0,0,0,0,0,0,70.435,0.136772,5546.62
LD KOKO,Trial     5,B6,0:16:20-0:16:40,3.23416,41.1965,0,0,0,0,0,0,64.5539,-0.177139,1368.86
LD KOKO,Trial     5,B6,0:16:40-0:17:00,4.34597,93.7186,2,14.26,0,0,0,0,86.7455,0.595757,4617.18
LD KOKO,Trial     5,B6,0:17:00-0:17:20,2.70436,102.447,1,19.9,0,0,0,0,54.0873,-0.0452003,3194.21
LD KOKO,Trial     5,B6,0:17:20-0:17:40,2.77522,88.0028,1,0.1,0,0,0,0,55.5043,0.0847362,4241.31
LD KOKO,Trial     5,B6,0:17:40-0:18:00,4.4521,82.0607,0,0,0,0,0,0,89.0419,-0.00509306,3467.8
LD KOKO,Trial     5,B6,0:18:00-0:18:20,2.38942,103.019,1,19.8,0,0,0,0,47.7884,-0.0497715,3299.08
LD KOKO,Trial     5,C1,0:15:00-0:15:20,6.21941,29.7087,1,0.2,0,0,0,0,124.388,0.29309,1367.24
LD KOKO,Trial     5,C1,0:15:20-0:15:40,5.33251,33.6928,1,1.92,0,0,0,0,106.437,-0.193442,1254.89
LD KOKO,Trial     5,C1,0:15:40-0:16:00,7.02513,79.9841,0,0,0,0,0,0,140.503,0.126249,3424.51
LD KOKO,Trial     5,C1,0:16:00-0:16:20,5.2565,38.7598,1,2.18,0,0,0,0,105.13,0.0169492,1596.58
LD KOKO,Trial     5,C1,0:16:20-0:16:40,5.16143,96.6835,1,0.04,0,0,0,0,103.022,0.0522613,4694.19
LD KOKO,Trial     5,C1,0:16:40-0:17:00,6.17119,39.6834,1,0.46,0,0,0,0,123.177,0.16757,1408.14
LD KOKO,Trial     5,C1,0:17:00-0:17:20,5.99969,33.2752,6,0.4,0,0,0,0,119.994,0.521439,1257.84
LD KOKO,Trial     5,C1,0:17:20-0:17:40,6.2395,89.455,0,0,0,0,0,0,124.79,-0.608424,4028.46
LD KOKO,Trial     5,C1,0:17:40-0:18:00,6.49394,79.2493,0,0,0,0,0,0,129.879,0.699203,3348.26
LD KOKO,Trial     5,C1,0:18:00-0:18:20,5.60689,44.7592,1,3.2,0,0,0,0,112.138,0.381262,1576.85
LD KOKO,Trial     6,A1,0:15:00-0:15:20,5.52917,126.179,4,3.44,0,0,0,0,110.583,0.153309,4759.08
LD KOKO,Trial     6,A1,0:15:20-0:15:40,6.37115,129.624,0,0,0,0,0,0,127.168,-0.166525,4375.43
LD KOKO,Trial     6,A1,0:15:40-0:16:00,5.07454,41.7513,0,0,0,0,0,0,101.491,0.269619,1207.67
LD KOKO,Trial     6,A1,0:16:00-0:16:20,5.92544,40.7548,4,7.66,0,0,0,0,118.509,-0.35045,1727.1
LD KOKO,Trial     6,A1,0:16:20-0:16:40,5.58278,42.9884,1,0.12,0,0,0,0,111.656,0.0435286,1568.28
LD KOKO,Trial     6,A1,0:16:40-0:17:00,4.53181,62.1288,1,1.8,0,0,0,0,90.455,0.299509,3064.93
LD KOKO,Trial     6,A1,0:17:00-0:17:20,5.79077,156.496,1,0.1,0,0,0,0,115.815,0.360805,6459.97
LD KOKO,Trial     6,A1,0:17:20-0:17:40,6.92494,81.2549,0,0,0,0,0,0,138.499,0.667649,2961.61
LD KOKO,Trial     6,A1,0:17:40-0:18:00,5.48459,127.083,3,5.24,0,0,0,0,109.692,-1.12036,4238.01
LD KOKO,Trial     6,A1,0:18:00-0:18:20,4.77355,36.597,1,3.24,0,0,0,0,95.4709,0.0172486,1489.98
LD KOKO,Trial     6,A3,0:15:00-0:15:20,4.64298,140.14,0,0,0,0,0,0,92.8597,0.249496,6210.7
LD KOKO,Trial     6,A3,0:15:20-0:15:40,5.82537,142.811,1,2.4,0,0,0,0,116.274,-0.137423,6566.61
LD KOKO,Trial     6,A3,0:15:40-0:16:00,2.92513,14.0283,4,19.94,0,0,0,0,58.5027,0.00956662,605.032
LD KOKO,Trial     6,A3,0:16:00-0:16:20,7.81251,160.22,2,2,0,0,0,0,156.25,0.0421198,5729.5
LD KOKO,Trial     6,A3,0:16:20-0:16:40,2.35582,11.923,1,20,0,0,0,0,47.1164,-0.00983488,459.828
LD KOKO,Trial     6,A3,0:16:40-0:17:00,3.80264,152.823,2,15.46,0,0,0,0,75.9007,0.56612,5976.27
LD KOKO,Trial     6,A3,0:17:00-0:17:20,5.36412,78.8178,9,2.54,0,0,0,0,107.282,-0.569091,3632.28
LD KOKO,Trial     6,A3,0:17:20-0:17:40,6.4933,100.87,3,9.22,0,0,0,0,129.866,0.0155166,4280.08
LD KOKO,Trial     6,A3,0:17:40-0:18:00,4.44593,84.2409,1,0.88,0,0,0,0,88.9187,0.0900313,2977.31
LD KOKO,Trial     6,A3,0:18:00-0:18:20,6.39393,100.562,5,8,0,0,0,0,127.879,0.140099,2999.43
LD KOKO,Trial     6,A6,0:15:00-0:15:20,5.71502,44.4933,3,6.7,0,0,0,0,114.3,0.011609,1765.87
LD KOKO,Trial     6,A6,0:15:20-0:15:40,6.32544,52.0222,0,0,0,0,0,0,126.256,-0.466732,1567.5
LD KOKO,Trial     6,A6,0:15:40-0:16:00,6.25112,38.418,1,0.84,0,0,0,0,125.022,0.263187,1704.19
LD KOKO,Trial     6,A6,0:16:00-0:16:20,6.9155,128.306,0,0,0,0,0,0,138.31,-0.0735313,4957.76
LD KOKO,Trial     6,A6,0:16:20-0:16:40,5.9485,46.5267,8,4.66,0,0,0,0,118.97,-0.353305,1634.81
LD KOKO,Trial     6,A6,0:16:40-0:17:00,6.51634,177.873,3,3.22,0,0,0,0,130.066,0.252875,7779.6
LD KOKO,Trial     6,A6,0:17:00-0:17:20,6.93946,70.2542,1,0.96,0,0,0,0,138.789,0.214007,2745.32
LD KOKO,Trial     6,A6,0:17:20-0:17:40,5.89883,73.1077,0,0,0,0,0,0,117.977,-0.0118602,2417.16
LD KOKO,Trial     6,A6,0:17:40-0:18:00,7.08384,81.2321,0,0,0,0,0,0,141.677,-0.356236,2337.55
LD KOKO,Trial     6,A6,0:18:00-0:18:20,7.36259,59.3131,0,0,0,0,0,0,147.252,0.13383,2012.86
LD KOKO,Trial     6,B2,0:15:00-0:15:20,8.13599,90.067,2,0.76,0,0,0,0,162.72,-0.185424,2841.99
LD KOKO,Trial     6,B2,0:15:20-0:15:40,7.2257,56.7814,1,0.78,0,0,0,0,144.225,0.260834,1704.65
LD KOKO,Trial     6,B2,0:15:40-0:16:00,7.50837,67.9604,1,0.54,0,0,0,0,150.167,-0.267149,3362.15
LD KOKO,Trial     6,B2,0:16:00-0:16:20,8.36447,169.228,1,0.04,0,0,0,0,167.289,0.0344589,4251.97
LD KOKO,Trial     6,B2,0:16:20-0:16:40,7.00525,158.85,0,0,0,0,0,0,140.105,0.0973739,4660.64
LD KOKO,Trial     6,B2,0:16:40-0:17:00,7.63594,150.072,1,0.94,0,0,0,0,152.413,0.0112969,6470.01
LD KOKO,Trial     6,B2,0:17:00-0:17:20,5.40023,47.4492,0,0,0,0,0,0,108.005,1.73301,1952.91
LD KOKO,Trial     6,B2,0:17:20-0:17:40,6.15005,103.333,0,0,0,0,0,0,123.001,-1.38118,3410.07
LD KOKO,Trial     6,B2,0:17:40-0:18:00,5.81512,33.5035,0,0,0,0,0,0,116.302,-0.586658,1077.85
LD KOKO,Trial     6,B2,0:18:00-0:18:20,6.19493,81.8213,0,0,0,0,0,0,123.899,0.253539,3739.61
LD KOKO,Trial     6,B3,0:15:00-0:15:20,5.56568,154.114,1,0.06,0,0,0,0,111.314,0.296987,7387.25
LD KOKO,Trial     6,B3,0:15:20-0:15:40,6.14311,113.097,0,0,0,0,0,0,122.617,-0.594376,5455.01
LD KOKO,Trial     6,B3,0:15:40-0:16:00,5.59604,124.513,0,0,0,0,0,0,111.921,-0.0114039,4102.04
LD KOKO,Trial     6,B3,0:16:00-0:16:20,5.89721,119.836,1,2.8,0,0,0,0,117.944,-0.0245394,4097.64
LD KOKO,Trial     6,B3,0:16:20-0:16:40,5.7932,49.005,0,0,0,0,0,0,115.864,0.43529,1130.05
LD KOKO,Trial     6,B3,0:16:40-0:17:00,5.69846,36.1365,0,0,0,0,0,0,113.741,0.105565,1521.67
LD KOKO,Trial     6,B3,0:17:00-0:17:20,5.3297,51.2248,1,2.32,0,0,0,0,106.594,-0.116283,2164.34
LD KOKO,Trial     6,B3,0:17:20-0:17:40,5.88892,119.087,1,3.9,0,0,0,0,117.778,-0.10242,5079.55
LD KOKO,Trial     6,B3,0:17:40-0:18:00,5.47388,130.113,2,2.88,0,0,0,0,109.478,0.0740456,4441.27
LD KOKO,Trial     6,B3,0:18:00-0:18:20,5.23825,118.98,0,0,0,0,0,0,104.765,-0.0439231,4856.26
LD KOKO,Trial     6,B6,0:15:00-0:15:20,4.03044,64.726,1,9.14,0,0,0,0,80.6088,0.0200793,2408.89
LD KOKO,Trial     6,B6,0:15:20-0:15:40,4.42587,99.214,1,11.38,0,0,0,0,88.3404,0.20266,4091.01
LD KOKO,Trial     6,B6,0:15:40-0:16:00,4.19678,65.3689,0,0,0,0,0,0,83.9355,-0.411608,2133.22
LD KOKO,Trial     6,B6,0:16:00-0:16:20,3.3316,90.458,0,0,0,0,0,0,66.632,0.146684,3328.96
LD KOKO,Trial     6,B6,0:16:20-0:16:40,2.79732,62.8166,0,0,0,0,0,0,55.9465,-0.0941889,2249.59
LD KOKO,Trial     6,B6,0:16:40-0:17:00,3.19715,77.1203,0,0,0,0,0,0,63.8151,-0.0912405,3396.3
LD KOKO,Trial     6,B6,0:17:00-0:17:20,4.62203,78.7788,1,6.86,0,0,0,0,92.4405,0.111035,3341.85
LD KOKO,Trial     6,B6,0:17:20-0:17:40,3.90736,161.864,0,0,0,0,0,0,78.1471,0.309301,6896.17
LD KOKO,Trial     6,B6,0:17:40-0:18:00,3.39718,161.343,0,0,0,0,0,0,67.9436,-0.418009,6727.62
LD KOKO,Trial     6,B6,0:18:00-0:18:20,3.42337,97.9741,1,11.74,0,0,0,0,68.4674,-0.0327381,3978.73
LD WT,Trial     4,A5,0:15:00-0:15:20,3.74428,55.777,1,7.58,0,0,0,0,74.8857,-0.0593051,1286.54
LD WT,Trial     4,A5,0:15:20-0:15:40,5.02825,118.264,1,0.1,0,0,0,0,100.364,0.320906,4744.37
LD WT,Trial     4,A5,0:15:40-0:16:00,4.23633,138.439,5,8.5,0,0,0,0,84.7267,0.264087,5723.55
LD WT,Trial     4,A5,0:16:00-0:16:20,4.57045,116.39,0,0,0,0,0,0,91.4091,-0.155746,4356.8
LD WT,Trial     4,A5,0:16:20-0:16:40,4.51942,72.3133,7,1.06,0,0,0,0,90.3883,0.388021,2713.71
LD WT,Trial     4,A5,0:16:40-0:17:00,3.96123,139.157,7,6.16,0,0,0,0,79.0662,-0.128358,5722.87
LD WT,Trial     4,A5,0:17:00-0:17:20,5.09844,114.26,1,5.58,0,0,0,0,101.969,-0.169349,4199.67
LD WT,Trial     4,A5,0:17:20-0:17:40,4.32115,104.416,0,0,0,0,0,0,86.4229,0.31329,5155.01
LD WT,Trial     4,A5,0:17:40-0:18:00,4.44108,133.654,1,3.16,0,0,0,0,88.8215,-0.168307,4985.81
LD WT,Trial     4,A5,0:18:00-0:18:20,3.83807,89.2915,1,10.12,0,0,0,0,76.6079,0.181686,3730.02
LD WT,Trial     4,B5,0:15:00-0:15:20,6.41056,94.9759,0,0,0,0,0,0,128.211,0.102594,3235.62
LD WT,Trial     4,B5,0:15:20-0:15:40,6.09998,151.158,2,1.26,0,0,0,0,121.756,-0.220513,6619.83
LD WT,Trial     4,B5,0:15:40-0:16:00,5.44212,139.56,0,0,0,0,0,0,108.842,0.0803508,6811.29
LD WT,Trial     4,B5,0:16:00-0:16:20,5.44344,140.825,1,4.62,0,0,0,0,108.869,0.00800392,5890.28
LD WT,Trial     4,B5,0:16:20-0:16:40,4.61963,119.398,1,0.18,0,0,0,0,92.3926,-0.092786,5303.67
LD WT,Trial     4,B5,0:16:40-0:17:00,4.65947,37.4263,0,0,0,0,0,0,93.0029,-0.049815,1392.62
LD WT,Trial     4,B5,0:17:00-0:17:20,5.44866,39.0034,1,1.82,0,0,0,0,108.973,0.149103,1358.81
LD WT,Trial     4,B5,0:17:20-0:17:40,5.66129,78.1761,2,0.06,0,0,0,0,113.226,-0.0275144,2829.97
LD WT,Trial     4,B5,0:17:40-0:18:00,5.91812,89.728,0,0,0,0,0,0,118.362,-0.0765229,3478.17
LD WT,Trial     4,B5,0:18:00-0:18:20,5.86809,135.442,0,0,0,0,0,0,117.127,-0.138499,5891.71
LD WT,Trial     4,C2,0:15:00-0:15:20,4.54677,140.167,0,0,0,0,0,0,90.9354,0.191749,6026.69
LD WT,Trial     4,C2,0:15:20-0:15:40,4.35753,36.3223,0,0,0,0,0,0,86.9763,-0.298906,1531.84
LD WT,Trial     4,C2,0:15:40-0:16:00,4.41415,73.7524,1,3.58,0,0,0,0,88.283,-0.17068,3080.07
LD WT,Trial     4,C2,0:16:00-0:16:20,4.00508,93.5197,0,0,0,0,0,0,80.1016,0.120778,3844.67
LD WT,Trial     4,C2,0:16:20-0:16:40,4.36773,31.211,2,3.52,0,0,0,0,87.3546,-0.0671679,1091.9
LD WT,Trial     4,C2,0:16:40-0:17:00,4.20135,33.1274,1,1.2,0,0,0,0,83.8589,-0.373448,984.722
LD WT,Trial     4,C2,0:17:00-0:17:20,4.2781,54.6282,1,2.08,0,0,0,0,85.562,0.0371408,2562.94
LD WT,Trial     4,C2,0:17:20-0:17:40,4.35141,112.442,0,0,0,0,0,0,87.0282,-0.146178,4652.47
LD WT,Trial     4,C2,0:17:40-0:18:00,4.05547,28.6943,0,0,0,0,0,0,81.1094,0.0305653,962.871
LD WT,Trial     4,C2,0:18:00-0:18:20,5.06067,112.651,0,0,0,0,0,0,101.011,-0.0530245,5316.3
LD WT,Trial     5,B1,0:15:00-0:15:20,5.29269,110.552,0,0,0,0,0,0,105.854,0.0404246,3782.38
LD WT,Trial     5,B1,0:15:20-0:15:40,5.9508,37.5477,2,1.34,0,0,0,0,118.778,-0.321935,1267.21
LD WT,Trial     5,B1,0:15:40-0:16:00,5.03949,88.9555,1,3.82,0,0,0,0,100.79,0.0325854,2913.65
LD WT,Trial     5,B1,0:16:00-0:16:20,4.93583,112.137,6,1.18,0,0,0,0,98.7167,0.0510788,4296.85
LD WT,Trial     5,B1,0:16:20-0:16:40,4.87427,135.351,1,4.2,0,0,0,0,97.2904,0.158344,5685.89
LD WT,Trial     5,B1,0:16:40-0:17:00,5.12804,32.4165,1,5.38,0,0,0,0,102.356,0.0247678,1485.64
LD WT,Trial     5,B1,0:17:00-0:17:20,4.52512,40.087,8,0.88,0,0,0,0,90.5023,0.0357306,1614.86
LD WT,Trial     5,B1,0:17:20-0:17:40,6.37663,44.8155,0,0,0,0,0,0,127.533,0.161239,1629.21
LD WT,Trial     5,B1,0:17:40-0:18:00,5.70468,97.04,2,2.12,0,0,0,0,114.094,0.0707985,3456.46
LD WT,Trial     5,B1,0:18:00-0:18:20,4.69773,67.1177,1,2.74,0,0,0,0,93.9545,-0.335924,1843.85
LD WT,Trial     5,B2,0:15:00-0:15:20,4.70737,105.742,1,0.22,0,0,0,0,94.1474,-0.15865,4427.61
LD WT,Trial     5,B2,0:15:20-0:15:40,5.25497,171.533,1,0.1,0,0,0,0,104.889,0.319848,7404.72
LD WT,Trial     5,B2,0:15:40-0:16:00,4.75684,199.857,0,0,0,0,0,0,95.1367,-0.0159655,8364.18
LD WT,Trial     5,B2,0:16:00-0:16:20,4.94353,98.7264,0,0,0,0,0,0,98.8706,-0.0845824,2084.48
LD WT,Trial     5,B2,0:16:20-0:16:40,5.56703,115.695,0,0,0,0,0,0,111.118,0.190142,5317.96
LD WT,Trial     5,B2,0:16:40-0:17:00,4.55648,152.469,0,0,0,0,0,0,90.9474,-0.067997,7214.09
LD WT,Trial     5,B2,0:17:00-0:17:20,4.55737,109.228,0,0,0,0,0,0,91.1474,0.0519051,3756.1
LD WT,Trial     5,B2,0:17:20-0:17:40,5.04675,120.161,1,0.4,0,0,0,0,100.935,0.0282083,5611.23
LD WT,Trial     5,B2,0:17:40-0:18:00,4.21944,87.0752,0,0,0,0,0,0,84.3888,-0.138004,2769.78
LD WT,Trial     5,B2,0:18:00-0:18:20,4.47368,37.0625,0,0,0,0,0,0,89.4737,0.064796,1049.57
LD WT,Trial     5,C6,0:15:00-0:15:20,5.17005,94.6691,1,0.98,0,0,0,0,103.401,-0.137459,3698.92
LD WT,Trial     5,C6,0:15:20-0:15:40,4.24383,134.021,44,2.68,0,0,0,0,84.7068,0.421548,5845.57
LD WT,Trial     5,C6,0:15:40-0:16:00,3.71008,46.0003,0,0,0,0,0,0,74.2017,0.129309,1604.12
LD WT,Trial     5,C6,0:16:00-0:16:20,3.55981,43.9917,2,4.46,0,0,0,0,71.1961,-0.0723129,1339.04
LD WT,Trial     5,C6,0:16:20-0:16:40,4.25757,44.7165,2,9.42,0,0,0,0,84.9811,0.146637,1832.15
LD WT,Trial     5,C6,0:16:40-0:17:00,4.63625,99.0374,0,0,0,0,0,0,92.5396,0.0553825,4564.15
LD WT,Trial     5,C6,0:17:00-0:17:20,3.39996,122.81,1,4.6,0,0,0,0,67.9992,0.0750084,4210.45
LD WT,Trial     5,C6,0:17:20-0:17:40,3.33503,45.359,23,8.6,0,0,0,0,66.7006,-0.0312728,1970.79
LD WT,Trial     5,C6,0:17:40-0:18:00,3.58501,52.1245,1,1.32,0,0,0,0,71.7002,0.0401184,2021.07
LD WT,Trial     5,C6,0:18:00-0:18:20,4.21944,54.0725,6,16.64,0,0,0,0,84.3889,0.0699699,2582.85
LD WT,Trial     6,B4,0:15:00-0:15:20,6.10612,104.391,0,0,0,0,0,0,122.122,-0.0188835,3566.52
LD WT,Trial     6,B4,0:15:20-0:15:40,4.99972,77.5585,8,7.22,0,0,0,0,99.7945,1.16519,3752.49
LD WT,Trial     6,B4,0:15:40-0:16:00,4.82435,142.542,3,2.44,0,0,0,0,96.4871,0.290556,6012.51
LD WT,Trial     6,B4,0:16:00-0:16:20,4.48864,109.86,1,2.84,0,0,0,0,89.7729,-0.476208,4399.39
LD WT,Trial     6,B4,0:16:20-0:16:40,5.33702,89.0911,0,0,0,0,0,0,106.74,0.256348,2984.4
LD WT,Trial     6,B4,0:16:40-0:17:00,4.17041,123.766,2,5.64,0,0,0,0,83.2413,-0.118148,5220.49
LD WT,Trial     6,B4,0:17:00-0:17:20,3.85141,51.1282,1,0.8,0,0,0,0,77.0283,-0.128796,1493.38
LD WT,Trial     6,B4,0:17:20-0:17:40,4.19875,29.2637,1,3.36,0,0,0,0,83.9749,-0.088956,1011.99
LD WT,Trial     6,B4,0:17:40-0:18:00,5.36195,151.501,0,0,0,0,0,0,107.239,0.0986799,5893.63
LD WT,Trial     6,B4,0:18:00-0:18:20,5.23691,44.2098,0,0,0,0,0,0,104.738,0.00720545,1413.89
LD WT,Trial     6,B5,0:15:00-0:15:20,4.80158,173.21,2,6.22,0,0,0,0,96.0317,-0.482623,6930.66
LD WT,Trial     6,B5,0:15:20-0:15:40,5.20174,87.6042,0,0,0,0,0,0,103.827,0.0901513,3317.49
LD WT,Trial     6,B5,0:15:40-0:16:00,5.16601,40.9944,4,2.58,0,0,0,0,103.32,0.0653212,1205.21
LD WT,Trial     6,B5,0:16:00-0:16:20,4.92604,39.7967,2,1.28,0,0,0,0,98.5208,-0.000669266,1619.35
LD WT,Trial     6,B5,0:16:20-0:16:40,4.54386,29.5353,0,0,0,0,0,0,90.8772,0.215881,1362.51
LD WT,Trial     6,B5,0:16:40-0:17:00,5.03947,87.6842,0,0,0,0,0,0,100.588,-0.593139,3940.75
LD WT,Trial     6,B5,0:17:00-0:17:20,4.81786,38.3367,0,0,0,0,0,0,96.3572,0.0436827,1321.61
LD WT,Trial     6,B5,0:17:20-0:17:40,4.8447,59.0345,0,0,0,0,0,0,96.894,0.365033,2295.27
LD WT,Trial     6,B5,0:17:40-0:18:00,5.47391,101.954,1,2.46,0,0,0,0,109.478,-0.459344,3723.72
LD WT,Trial     6,B5,0:18:00-0:18:20,5.00584,82.0098,1,0.18,0,0,0,0,100.117,0.492319,3213.76
LD WTSK,Trial     4,D1,0:15:00-0:15:20,4.45777,167.998,2,11.4,0,0,0,0,89.1554,0.307587,7241.72
LD WTSK,Trial     4,D1,0:15:20-0:15:40,6.04889,123.814,0,0,0,0,0,0,120.736,0.174928,4689.95
LD WTSK,Trial     4,D1,0:15:40-0:16:00,4.60972,90.2725,1,5.24,0,0,0,0,92.1945,-0.0344811,2672.02
LD WTSK,Trial     4,D1,0:16:00-0:16:20,5.17527,126.588,0,0,0,0,0,0,103.505,0.230545,5413.78
LD WTSK,Trial     4,D1,0:16:20-0:16:40,4.92016,103.099,1,0.76,0,0,0,0,98.4031,-0.441575,4232.62
LD WTSK,Trial     4,D1,0:16:40-0:17:00,5.00163,117.528,13,1.6,0,0,0,0,99.8326,-0.00178891,4683.1
LD WTSK,Trial     4,D1,0:17:00-0:17:20,6.64663,99.6294,1,0.08,0,0,0,0,132.933,0.220479,3428.3
LD WTSK,Trial     4,D1,0:17:20-0:17:40,5.4483,97.0583,1,0.34,0,0,0,0,108.966,-0.119608,2697.15
LD WTSK,Trial     4,D1,0:17:40-0:18:00,6.02582,46.9381,0,0,0,0,0,0,120.516,-0.206413,1281.82
LD WTSK,Trial     4,D1,0:18:00-0:18:20,5.91891,52.8382,1,1.3,0,0,0,0,118.141,0.233977,2114.72
LD WTSK,Trial     4,D2,0:15:00-0:15:20,5.37736,136.139,1,0.46,0,0,0,0,107.547,-0.173289,6314.12
LD WTSK,Trial     4,D2,0:15:20-0:15:40,5.84458,46.9672,2,2.76,0,0,0,0,116.658,0.189334,1528.09
LD WTSK,Trial     4,D2,0:15:40-0:16:00,5.65202,115.748,7,0.28,0,0,0,0,113.04,0.333763,5710.04
LD WTSK,Trial     4,D2,0:16:00-0:16:20,5.2729,39.9813,13,5.84,0,0,0,0,105.458,0.262989,1169.47
LD WTSK,Trial     4,D2,0:16:20-0:16:40,5.02638,42.2587,3,7.46,0,0,0,0,100.528,-0.669074,1531.24
LD WTSK,Trial     4,D2,0:16:40-0:17:00,5.26442,138.007,1,1.74,0,0,0,0,105.078,0.401142,6213.27
LD WTSK,Trial     4,D2,0:17:00-0:17:20,6.06549,95.9178,1,0.38,0,0,0,0,121.31,-0.289767,4390
LD WTSK,Trial     4,D2,0:17:20-0:17:40,5.45168,60.5237,0,0,0,0,0,0,109.034,0.164565,2445.52
LD WTSK,Trial     4,D2,0:17:40-0:18:00,5.18712,35.7175,0,0,0,0,0,0,103.742,-0.0103187,1188.4
LD WTSK,Trial     4,D2,0:18:00-0:18:20,5.35415,43.5515,4,2.98,0,0,0,0,106.869,-0.231049,1648.64
LD WTSK,Trial     4,D3,0:15:00-0:15:20,5.06812,138.816,0,0,0,0,0,0,101.362,-0.37973,5754.3
LD WTSK,Trial     4,D3,0:15:20-0:15:40,4.48095,124.494,0,0,0,0,0,0,89.4399,0.201374,5091.42
LD WTSK,Trial     4,D3,0:15:40-0:16:00,5.04412,40.6527,0,0,0,0,0,0,100.882,0.354619,1207.9
LD WTSK,Trial     4,D3,0:16:00-0:16:20,6.09538,130.176,0,0,0,0,0,0,121.908,-0.329339,4979.63
LD WTSK,Trial     4,D3,0:16:20-0:16:40,4.45054,129.775,0,0,0,0,0,0,89.0108,0.34213,5504.52
LD WTSK,Trial     4,D3,0:16:40-0:17:00,4.54226,38.1353,0,0,0,0,0,0,90.6635,-0.26824,1489.56
LD WTSK,Trial     4,D3,0:17:00-0:17:20,4.80658,52.1873,0,0,0,0,0,0,96.1316,-0.0281985,1926.78
LD WTSK,Trial     4,D3,0:17:20-0:17:40,4.39362,73.1681,0,0,0,0,0,0,87.8723,-0.125394,3378.76
LD WTSK,Trial     4,D3,0:17:40-0:18:00,4.40907,117.347,1,4.78,0,0,0,0,88.1813,0.303779,4336.59
LD WTSK,Trial     4,D3,0:18:00-0:18:20,5.05288,173.818,1,0.16,0,0,0,0,100.855,0.114629,7528.6
LD WTSK,Trial     4,D4,0:15:00-0:15:20,5.31841,146.217,0,0,0,0,0,0,106.368,0.0706817,6725.54
LD WTSK,Trial     4,D4,0:15:20-0:15:40,5.08026,102.939,0,0,0,0,0,0,101.402,0.124667,5028.72
LD WTSK,Trial     4,D4,0:15:40-0:16:00,5.29435,143.298,0,0,0,0,0,0,105.887,-0.0214445,6378.23
LD WTSK,Trial     4,D4,0:16:00-0:16:20,5.01319,150.913,0,0,0,0,0,0,100.264,0.29212,6358.37
LD WTSK,Trial     4,D4,0:16:20-0:16:40,5.33235,56.2869,0,0,0,0,0,0,106.647,-0.334397,1664.17
LD WTSK,Trial     4,D4,0:16:40-0:17:00,4.86185,168.307,0,0,0,0,0,0,97.0425,0.282635,7508.85
LD WTSK,Trial     4,D4,0:17:00-0:17:20,5.07972,130.462,0,0,0,0,0,0,101.594,-0.178146,5842.38
LD WTSK,Trial     4,D4,0:17:20-0:17:40,5.57027,128.562,0,0,0,0,0,0,111.405,0.0805058,5700.09
LD WTSK,Trial     4,D4,0:17:40-0:18:00,4.87447,64.3375,0,0,0,0,0,0,97.4893,0.175818,2912.97
LD WTSK,Trial     4,D4,0:18:00-0:18:20,5.90498,117.998,0,0,0,0,0,0,117.863,-0.333493,5415.74
LD WTSK,Trial     4,D5,0:15:00-0:15:20,6.31869,149.286,0,0,0,0,0,0,126.374,0.236392,6344.3
LD WTSK,Trial     4,D5,0:15:20-0:15:40,6.04757,131.739,0,0,0,0,0,0,120.709,-0.395776,5783.41
LD WTSK,Trial     4,D5,0:15:40-0:16:00,5.5775,34.1891,0,0,0,0,0,0,111.55,0.145274,1198.13
LD WTSK,Trial     4,D5,0:16:00-0:16:20,6.15006,39.998,0,0,0,0,0,0,123.001,1.1176,1445.25
LD WTSK,Trial     4,D5,0:16:20-0:16:40,5.82177,145.396,0,0,0,0,0,0,116.435,-1.03229,6220.48
LD WTSK,Trial     4,D5,0:16:40-0:17:00,5.63304,36.0236,1,1.96,0,0,0,0,112.436,-0.0290475,997.895
LD WTSK,Trial     4,D5,0:17:00-0:17:20,4.93458,35.4981,3,5.32,0,0,0,0,98.6916,-0.0339603,1192.99
LD WTSK,Trial     4,D5,0:17:20-0:17:40,5.62145,38.7924,1,1.58,0,0,0,0,112.429,0.292021,1384.32
LD WTSK,Trial     4,D5,0:17:40-0:18:00,5.67808,36.0904,5,1.88,0,0,0,0,113.562,-0.28414,1155.87
LD WTSK,Trial     4,D5,0:18:00-0:18:20,5.92636,35.7201,0,0,0,0,0,0,118.29,-0.291003,1233.1
LD WTSK,Trial     4,D6,0:15:00-0:15:20,6.02125,99.1038,0,0,0,0,0,0,120.425,0.0487249,3394.58
LD WTSK,Trial     4,D6,0:15:20-0:15:40,5.22506,91.708,0,0,0,0,0,0,104.292,-0.671018,3950.67
LD WTSK,Trial     4,D6,0:15:40-0:16:00,5.11743,43.199,1,2.62,0,0,0,0,102.349,0.387745,1816.06
LD WTSK,Trial     4,D6,0:16:00-0:16:20,5.24509,147.264,1,0.96,0,0,0,0,104.902,-0.354445,6479.43
LD WTSK,Trial     4,D6,0:16:20-0:16:40,5.00567,110.104,0,0,0,0,0,0,100.113,-0.0626863,4326.01
LD WTSK,Trial     4,D6,0:16:40-0:17:00,5.02463,78.7489,0,0,0,0,0,0,100.292,-0.531549,2902.58
LD WTSK,Trial     4,D6,0:17:00-0:17:20,4.64052,126.11,0,0,0,0,0,0,92.8103,-0.0704274,5121.82
LD WTSK,Trial     4,D6,0:17:20-0:17:40,5.77367,96.5806,0,0,0,0,0,0,115.473,0.116242,4058.09
LD WTSK,Trial     4,D6,0:17:40-0:18:00,5.03074,138.977,0,0,0,0,0,0,100.615,-0.11923,5715.58
LD WTSK,Trial     4,D6,0:18:00-0:18:20,4.84231,96.054,0,0,0,0,0,0,96.6526,-0.0866813,4307.11
LD WTSK,Trial     5,D1,0:15:00-0:15:20,6.56805,108.219,0,0,0,0,0,0,131.361,0.589878,4529.67
LD WTSK,Trial     5,D1,0:15:20-0:15:40,6.70025,54.7207,0,0,0,0,0,0,133.737,-0.305589,2193.91
LD WTSK,Trial     5,D1,0:15:40-0:16:00,7.48795,82.1943,0,0,0,0,0,0,149.759,0.123737,2698.32
LD WTSK,Trial     5,D1,0:16:00-0:16:20,7.15619,49.3511,0,0,0,0,0,0,143.124,0.35878,1745.83
LD WTSK,Trial     5,D1,0:16:20-0:16:40,6.70876,120.486,0,0,0,0,0,0,133.907,-0.0952772,4963.6
LD WTSK,Trial     5,D1,0:16:40-0:17:00,6.89125,53.7796,0,0,0,0,0,0,137.549,-0.339495,1736.97
LD WTSK,Trial     5,D1,0:17:00-0:17:20,6.86946,41.4998,0,0,0,0,0,0,137.389,0.231297,1268.34
LD WTSK,Trial     5,D1,0:17:20-0:17:40,6.69406,67.2331,0,0,0,0,0,0,133.881,-0.208825,2426.72
LD WTSK,Trial     5,D1,0:17:40-0:18:00,7.08716,50.7106,0,0,0,0,0,0,141.743,0.990626,2326.06
LD WTSK,Trial     5,D1,0:18:00-0:18:20,6.70109,140.179,0,0,0,0,0,0,134.022,-0.975898,6055.55
LD WTSK,Trial     5,D2,0:15:00-0:15:20,4.35705,157.892,16,10.04,0,0,0,0,87.1411,-0.355201,5553.88
LD WTSK,Trial     5,D2,0:15:20-0:15:40,7.27416,100.006,0,0,0,0,0,0,145.192,0.337664,4569.23
LD WTSK,Trial     5,D2,0:15:40-0:16:00,4.51938,138.095,2,2.16,0,0,0,0,90.3876,-0.0763837,6062.15
LD WTSK,Trial     5,D2,0:16:00-0:16:20,5.14113,116.416,7,3.46,0,0,0,0,102.823,0.159455,3060.28
LD WTSK,Trial     5,D2,0:16:20-0:16:40,5.54876,40.8153,1,0.54,0,0,0,0,110.753,0.158777,1926.77
LD WTSK,Trial     5,D2,0:16:40-0:17:00,4.88334,137.09,1,1.02,0,0,0,0,97.4715,-0.080904,6828.81
LD WTSK,Trial     5,D2,0:17:00-0:17:20,5.34755,154.671,1,0.1,0,0,0,0,106.951,0.240439,5934.45
LD WTSK,Trial     5,D2,0:17:20-0:17:40,5.63822,133.729,0,0,0,0,0,0,112.764,-0.245863,6419.5
LD WTSK,Trial     5,D2,0:17:40-0:18:00,5.29237,41.0154,2,0.66,0,0,0,0,105.847,0.0296941,1411.08
LD WTSK,Trial     5,D2,0:18:00-0:18:20,3.25401,136.365,0,0,0,0,0,0,65.0802,-0.0313818,4668.79
LD WTSK,Trial     5,D3,0:15:00-0:15:20,5.37896,124.304,0,0,0,0,0,0,107.579,-0.246371,4512.7
LD WTSK,Trial     5,D3,0:15:20-0:15:40,5.54106,124.488,0,0,0,0,0,0,110.6,-0.141927,5856.49
LD WTSK,Trial     5,D3,0:15:40-0:16:00,5.64436,70.0335,0,0,0,0,0,0,112.887,0.0094885,2908.55
LD WTSK,Trial     5,D3,0:16:00-0:16:20,5.09755,111.66,5,8.66,0,0,0,0,101.951,0.177223,3549.23
LD WTSK,Trial     5,D3,0:16:20-0:16:40,4.58886,45.0267,3,3.44,0,0,0,0,91.5936,-0.101749,1346.18
LD WTSK,Trial     5,D3,0:16:40-0:17:00,4.15761,34.5334,1,2.82,0,0,0,0,82.9859,-0.118722,991.405
LD WTSK,Trial     5,D3,0:17:00-0:17:20,4.99304,45.7625,2,3.84,0,0,0,0,99.8608,0.349048,1378.98
LD WTSK,Trial     5,D3,0:17:20-0:17:40,5.11557,136.676,4,2.02,0,0,0,0,102.311,-0.455759,5585.29
LD WTSK,Trial     5,D3,0:17:40-0:18:00,4.65538,39.4108,1,0.14,0,0,0,0,93.1075,0.990292,1185.04
LD WTSK,Trial     5,D3,0:18:00-0:18:20,5.58315,140.115,1,1.24,0,0,0,0,111.663,-0.814813,4254.12
LD WTSK,Trial     5,D4,0:15:00-0:15:20,5.50774,113.006,5,2.4,0,0,0,0,110.155,0.118926,2664.53
LD WTSK,Trial     5,D4,0:15:20-0:15:40,5.02445,106.072,0,0,0,0,0,0,100.288,-0.453817,5083.66
LD WTSK,Trial     5,D4,0:15:40-0:16:00,4.29587,61.6122,12,9.6,0,0,0,0,85.9174,-0.000932491,1087.68
LD WTSK,Trial     5,D4,0:16:00-0:16:20,4.83669,74.3029,0,0,0,0,0,0,96.7338,0.214054,2441.42
LD WTSK,Trial     5,D4,0:16:20-0:16:40,5.94335,45.468,0,0,0,0,0,0,118.629,-0.0883548,1771.44
LD WTSK,Trial     5,D4,0:16:40-0:17:00,5.68013,130.866,5,8.54,0,0,0,0,113.375,0.803225,6083.81
LD WTSK,Trial     5,D4,0:17:00-0:17:20,5.35889,142.674,1,0.04,0,0,0,0,107.178,0.10018,4897.93
LD WTSK,Trial     5,D4,0:17:20-0:17:40,5.39105,120.654,6,6.42,0,0,0,0,107.821,-0.330788,5586.9
LD WTSK,Trial     5,D4,0:17:40-0:18:00,5.49614,63.0574,0,0,0,0,0,0,109.923,-0.03494,2541.54
LD WTSK,Trial     5,D4,0:18:00-0:18:20,4.98416,31.8715,1,5.2,0,0,0,0,99.6833,1.42159,1408.21
LD WTSK,Trial     5,D5,0:15:00-0:15:20,6.42683,35.7166,0,0,0,0,0,0,128.537,0.853373,1368.64
LD WTSK,Trial     5,D5,0:15:20-0:15:40,5.26095,30.4384,0,0,0,0,0,0,105.009,-0.949158,1030.09
LD WTSK,Trial     5,D5,0:15:40-0:16:00,5.75991,36.7133,0,0,0,0,0,0,115.198,0.11813,1244.39
LD WTSK,Trial     5,D5,0:16:00-0:16:20,5.46721,36.8829,0,0,0,0,0,0,109.344,-0.190237,1292.32
LD WTSK,Trial     5,D5,0:16:20-0:16:40,7.30477,51.5487,0,0,0,0,0,0,145.803,-1.77309,1420.24
LD WTSK,Trial     5,D5,0:16:40-0:17:00,6.15064,34.6084,0,0,0,0,0,0,122.767,-0.311383,1200.94
LD WTSK,Trial     5,D5,0:17:00-0:17:20,4.91425,44.0736,0,0,0,0,0,0,98.2849,0.0463964,1191.76
LD WTSK,Trial     5,D5,0:17:20-0:17:40,4.39283,83.4965,1,0.6,0,0,0,0,87.8565,-0.0024982,3146.95
LD WTSK,Trial     5,D5,0:17:40-0:18:00,4.08052,39.6395,0,0,0,0,0,0,81.6104,0.0786051,1148.78
LD WTSK,Trial     5,D5,0:18:00-0:18:20,5.63965,47.7459,1,0.02,0,0,0,0,112.793,-0.0286427,1253.08
LD WTSK,Trial     5,D6,0:15:00-0:15:20,6.55844,64.4828,2,5.36,0,0,0,0,131.169,0.818784,2392.87
LD WTSK,Trial     5,D6,0:15:20-0:15:40,5.96223,126.997,5,4.38,0,0,0,0,119.006,-0.872285,5391.42
LD WTSK,Trial     5,D6,0:15:40-0:16:00,6.16012,56.4247,5,5.56,0,0,0,0,123.202,0.913696,2303.81
LD WTSK,Trial     5,D6,0:16:00-0:16:20,6.28108,103.676,4,4.12,0,0,0,0,125.622,-0.675928,4368.5
LD WTSK,Trial     5,D6,0:16:20-0:16:40,5.51608,37.8837,1,2.5,0,0,0,0,110.101,-0.1975,1262.92
LD WTSK,Trial     5,D6,0:16:40-0:17:00,5.71783,34.8356,3,1.28,0,0,0,0,114.128,0.690087,1332.6
LD WTSK,Trial     5,D6,0:17:00-0:17:20,6.25334,98.8934,13,2.76,0,0,0,0,125.067,-0.433697,3572.25
LD WTSK,Trial     5,D6,0:17:20-0:17:40,6.48833,53.576,1,2.44,0,0,0,0,129.767,-0.38985,1380.07
LD WTSK,Trial     5,D6,0:17:40-0:18:00,6.09831,50.3184,2,1.52,0,0,0,0,121.966,-0.116961,1238.45
LD WTSK,Trial     5,D6,0:18:00-0:18:20,6.21554,52.7554,2,2.06,0,0,0,0,124.311,-0.017883,2129.93
LD WTSK,Trial     6,C1,0:15:00-0:15:20,5.44259,82.8371,0,0,0,0,0,0,108.852,-0.172545,2529.52
LD WTSK,Trial     6,C1,0:15:20-0:15:40,5.11882,47.232,2,2.8,0,0,0,0,102.172,-0.375741,1713.71
LD WTSK,Trial     6,C1,0:15:40-0:16:00,5.60312,106.418,1,0.1,0,0,0,0,112.062,0.0371883,3195.92
LD WTSK,Trial     6,C1,0:16:00-0:16:20,5.91437,123.416,1,0.66,0,0,0,0,118.287,-0.0394785,4880.9
LD WTSK,Trial     6,C1,0:16:20-0:16:40,5.89198,57.1402,1,1.02,0,0,0,0,117.84,0.843477,1598.61
LD WTSK,Trial     6,C1,0:16:40-0:17:00,5.72965,154.93,0,0,0,0,0,0,114.364,-0.66162,6224.59
LD WTSK,Trial     6,C1,0:17:00-0:17:20,5.63588,41.1743,0,0,0,0,0,0,112.718,0.0262801,1922.37
LD WTSK,Trial     6,C1,0:17:20-0:17:40,5.60599,86.8446,0,0,0,0,0,0,112.12,0.208898,3903.15
LD WTSK,Trial     6,C1,0:17:40-0:18:00,5.54879,119.809,1,0.72,0,0,0,0,110.976,-0.206612,5922.69
LD WTSK,Trial     6,C1,0:18:00-0:18:20,4.97538,131.988,5,0.7,0,0,0,0,99.5076,-0.0690127,5399.77
LD WTSK,Trial     6,C2,0:15:00-0:15:20,7.08445,177.957,0,0,0,0,0,0,141.689,-0.890315,7786.22
LD WTSK,Trial     6,C2,0:15:20-0:15:40,7.1849,53.5321,0,0,0,0,0,0,143.411,0.449392,2105.46
LD WTSK,Trial     6,C2,0:15:40-0:16:00,6.48598,119.971,0,0,0,0,0,0,129.72,-0.274175,4026.24
LD WTSK,Trial     6,C2,0:16:00-0:16:20,6.73668,61.6145,0,0,0,0,0,0,134.734,0.290668,2683.94
LD WTSK,Trial     6,C2,0:16:20-0:16:40,6.72339,62.9824,0,0,0,0,0,0,134.468,-0.267863,1975.25
LD WTSK,Trial     6,C2,0:16:40-0:17:00,6.76399,47.6604,0,0,0,0,0,0,135.009,0.0760406,1684.84
LD WTSK,Trial     6,C2,0:17:00-0:17:20,6.46477,49.4624,0,0,0,0,0,0,129.295,0.117194,2131.12
LD WTSK,Trial     6,C2,0:17:20-0:17:40,7.12764,86.8713,1,2.08,0,0,0,0,142.553,-0.0736887,3022.92
LD WTSK,Trial     6,C2,0:17:40-0:18:00,5.61553,51.4345,0,0,0,0,0,0,112.311,-0.0978042,1696.93
LD WTSK,Trial     6,C2,0:18:00-0:18:20,7.38845,55.4198,0,0,0,0,0,0,147.769,0.227113,2097.62
LD WTSK,Trial     6,C3,0:15:00-0:15:20,5.36516,83.2806,0,0,0,0,0,0,107.303,0.5457,3233.86
LD WTSK,Trial     6,C3,0:15:20-0:15:40,5.24587,117.524,0,0,0,0,0,0,104.708,-0.161296,4098.18
LD WTSK,Trial     6,C3,0:15:40-0:16:00,5.54931,76.7866,0,0,0,0,0,0,110.986,-0.260865,2224.16
LD WTSK,Trial     6,C3,0:16:00-0:16:20,4.86722,35.522,4,3.4,0,0,0,0,97.3444,0.608079,1535.91
LD WTSK,Trial     6,C3,0:16:20-0:16:40,5.16881,31.8772,0,0,0,0,0,0,103.376,-0.230863,1141.54
LD WTSK,Trial     6,C3,0:16:40-0:17:00,5.30727,51.73,1,3.28,0,0,0,0,105.933,-0.382525,1926.08
LD WTSK,Trial     6,C3,0:17:00-0:17:20,5.45017,45.1709,2,3.08,0,0,0,0,109.003,-0.0679581,1110.94
LD WTSK,Trial     6,C3,0:17:20-0:17:40,4.91498,33.2444,1,3.18,0,0,0,0,98.2996,0.247122,1096.43
LD WTSK,Trial     6,C3,0:17:40-0:18:00,5.46224,37.1338,8,2.14,0,0,0,0,109.245,-0.146074,1118.58
LD WTSK,Trial     6,C3,0:18:00-0:18:20,5.12204,50.8366,1,1.6,0,0,0,0,102.441,-0.134708,1278.79
LD WTSK,Trial     6,C4,0:15:00-0:15:20,5.29807,123.423,3,5.88,0,0,0,0,105.961,0.0589957,3555.95
LD WTSK,Trial     6,C4,0:15:20-0:15:40,5.6106,130.462,3,3.28,0,0,0,0,111.987,0.108216,5133.84
LD WTSK,Trial     6,C4,0:15:40-0:16:00,6.59197,86.995,4,2.24,0,0,0,0,131.839,-0.222585,2682.18
LD WTSK,Trial     6,C4,0:16:00-0:16:20,5.61286,32.7657,7,2.56,0,0,0,0,112.257,0.104012,1346.64
LD WTSK,Trial     6,C4,0:16:20-0:16:40,7.05335,117.103,3,1.38,0,0,0,0,141.067,0.0167892,5616.61
LD WTSK,Trial     6,C4,0:16:40-0:17:00,6.91686,105.6,3,2.42,0,0,0,0,138.06,0.268863,2736.67
LD WTSK,Trial     6,C4,0:17:00-0:17:20,8.02202,140.191,1,0.02,0,0,0,0,160.44,-0.20856,5102.34
LD WTSK,Trial     6,C4,0:17:20-0:17:40,7.93198,124.681,5,1.7,0,0,0,0,158.64,0.932707,5226.27
LD WTSK,Trial     6,C4,0:17:40-0:18:00,7.23926,147.704,2,1.02,0,0,0,0,144.785,-0.90464,6385.18
LD WTSK,Trial     6,C4,0:18:00-0:18:20,5.47966,133.258,1,0.88,0,0,0,0,109.593,0.0121096,5465.21
LD WTSK,Trial     6,C5,0:15:00-0:15:20,5.61141,150.169,1,0.14,0,0,0,0,112.228,-0.335727,6110.56
LD WTSK,Trial     6,C5,0:15:20-0:15:40,5.11018,50.5008,0,0,0,0,0,0,101.999,-0.132256,1732.46
LD WTSK,Trial     6,C5,0:15:40-0:16:00,4.99656,35.1394,0,0,0,0,0,0,99.9311,-0.105279,1331.95
LD WTSK,Trial     6,C5,0:16:00-0:16:20,4.99169,54.1666,0,0,0,0,0,0,99.8337,0.121603,1595.01
LD WTSK,Trial     6,C5,0:16:20-0:16:40,4.5102,144.802,2,0.8,0,0,0,0,90.204,-0.0111341,6618.27
LD WTSK,Trial     6,C5,0:16:40-0:17:00,4.88587,44.1923,1,3,0,0,0,0,97.5219,1.34754,1183.49
LD WTSK,Trial     6,C5,0:17:00-0:17:20,5.34552,130.059,0,0,0,0,0,0,106.91,-0.889853,5740.27
LD WTSK,Trial     6,C5,0:17:20-0:17:40,5.16971,67.2323,10,10.7,0,0,0,0,103.394,0.196894,2177
LD WTSK,Trial     6,C5,0:17:40-0:18:00,5.27448,31.881,0,0,0,0,0,0,105.49,-0.274081,1170.85
LD WTSK,Trial     6,C5,0:18:00-0:18:20,4.40825,60.0524,2,1.56,0,0,0,0,88.1651,0.543797,1774.77
LD WTSK,Trial     6,C6,0:15:00-0:15:20,3.8865,139.443,0,0,0,0,0,0,77.73,0.254837,5946.6
LD WTSK,Trial     6,C6,0:15:20-0:15:40,3.99306,105.33,1,13.5,0,0,0,0,79.7016,0.303481,3243.69
LD WTSK,Trial     6,C6,0:15:40-0:16:00,4.32711,103.959,2,1.24,0,0,0,0,86.5421,-0.438256,2359.9
LD WTSK,Trial     6,C6,0:16:00-0:16:20,4.50528,30.0972,0,0,0,0,0,0,90.1056,-0.193889,848.056
LD WTSK,Trial     6,C6,0:16:20-0:16:40,3.18803,26.7969,10,15.6,0,0,0,0,63.7606,0.0370326,864.821
LD WTSK,Trial     6,C6,0:16:40-0:17:00,4.70727,138.026,0,0,0,0,0,0,93.9572,-0.249572,5307.25
LD WTSK,Trial     6,C6,0:17:00-0:17:20,3.36783,52.1357,1,14.8,0,0,0,0,67.3567,0.0238064,1179.9
LD WTSK,Trial     6,C6,0:17:20-0:17:40,3.28333,37.5653,1,8.64,0,0,0,0,65.6667,-0.0794559,1559.5
LD WTSK,Trial     6,C6,0:17:40-0:18:00,3.88322,26.8021,2,4.54,0,0,0,0,77.6644,0.729286,1148
LD WTSK,Trial     6,C6,0:18:00-0:18:20,3.3198,131.266,1,0.14,0,0,0,0,66.396,-0.748603,5012.07
LD WTSK,Trial     6,D1,0:15:00-0:15:20,5.46945,38.5564,1,0.44,0,0,0,0,109.389,0.160138,1238.02
LD WTSK,Trial     6,D1,0:15:20-0:15:40,5.68425,29.9034,0,0,0,0,0,0,113.458,-0.333919,1070.12
LD WTSK,Trial     6,D1,0:15:40-0:16:00,5.22925,41.5689,0,0,0,0,0,0,104.585,0.0785841,1457.04
LD WTSK,Trial     6,D1,0:16:00-0:16:20,5.13618,41.8488,2,4.32,0,0,0,0,102.724,0.00976556,1135.89
LD WTSK,Trial     6,D1,0:16:20-0:16:40,6.27074,155.311,6,0.42,0,0,0,0,125.415,-0.0630651,7390.37
LD WTSK,Trial     6,D1,0:16:40-0:17:00,5.60945,86.4382,0,0,0,0,0,0,111.965,-0.0987885,3097.73
LD WTSK,Trial     6,D1,0:17:00-0:17:20,4.71103,46.9575,0,0,0,0,0,0,94.2205,-0.17676,2073.48
LD WTSK,Trial     6,D1,0:17:20-0:17:40,4.96385,48.5603,0,0,0,0,0,0,99.2771,0.424864,2131.52
LD WTSK,Trial     6,D1,0:17:40-0:18:00,5.06819,73.9569,0,0,0,0,0,0,101.364,-0.390349,2315.44
LD WTSK,Trial     6,D1,0:18:00-0:18:20,5.65997,80.1985,0,0,0,0,0,0,113.199,0.0942338,3210.64
LD WTSK,Trial     6,D2,0:15:00-0:15:20,5.95162,178.1,1,0.02,0,0,0,0,119.032,-0.557172,5200.45
LD WTSK,Trial     6,D2,0:15:20-0:15:40,3.99539,162.15,1,3.76,0,0,0,0,79.748,-0.118362,7032.78
LD WTSK,Trial     6,D2,0:15:40-0:16:00,5.2939,148.304,12,2.88,0,0,0,0,105.878,0.0298261,5688.73
LD WTSK,Trial     6,D2,0:16:00-0:16:20,5.8777,133.535,11,5.38,0,0,0,0,117.554,0.128546,6497.56
LD WTSK,Trial     6,D2,0:16:20-0:16:40,5.42893,39.6791,0,0,0,0,0,0,108.579,-0.149069,1912.42
LD WTSK,Trial     6,D2,0:16:40-0:17:00,4.6771,44.3674,0,0,0,0,0,0,93.3549,0.359825,1177.81
LD WTSK,Trial     6,D2,0:17:00-0:17:20,5.41858,86.2526,0,0,0,0,0,0,108.372,-0.173017,3941.74
LD WTSK,Trial     6,D2,0:17:20-0:17:40,5.41413,121.004,0,0,0,0,0,0,108.283,0.733409,5205.77
LD WTSK,Trial     6,D2,0:17:40-0:18:00,4.76205,134.351,4,3.34,0,0,0,0,95.241,-0.636883,4558.85
LD WTSK,Trial     6,D2,0:18:00-0:18:20,4.9273,43.305,2,2.28,0,0,0,0,98.546,-0.287815,1198.83
LD WTSK,Trial     6,D3,0:15:00-0:15:20,5.03323,155.724,1,1.04,0,0,0,0,100.665,-0.207636,7152.66
LD WTSK,Trial     6,D3,0:15:20-0:15:40,4.74285,36.0579,0,0,0,0,0,0,94.6673,-0.407983,1586.31
LD WTSK,Trial     6,D3,0:15:40-0:16:00,4.74314,128.294,0,0,0,0,0,0,94.8628,0.349414,4820.31
LD WTSK,Trial     6,D3,0:16:00-0:16:20,5.23688,124.923,1,6.22,0,0,0,0,104.738,-0.254951,5616.25
LD WTSK,Trial     6,D3,0:16:20-0:16:40,5.48608,73.6614,0,0,0,0,0,0,109.722,0.0121796,2424.21
LD WTSK,Trial     6,D3,0:16:40-0:17:00,5.43354,132.887,0,0,0,0,0,0,108.453,-0.0779419,6066.69
LD WTSK,Trial     6,D3,0:17:00-0:17:20,4.88079,76.4155,1,0.38,0,0,0,0,97.6158,0.522718,3134.05
LD WTSK,Trial     6,D3,0:17:20-0:17:40,5.57116,51.9099,0,0,0,0,0,0,111.423,-0.537902,2121.94
LD WTSK,Trial     6,D3,0:17:40-0:18:00,4.35736,46.9151,16,7.56,0,0,0,0,87.1472,-0.0286633,1032.96
LD WTSK,Trial     6,D3,0:18:00-0:18:20,4.83994,78.0206,2,4.72,0,0,0,0,96.7987,0.209376,1977.32
LD WTSK,Trial     6,D4,0:15:00-0:15:20,3.79622,104.957,0,0,0,0,0,0,75.9243,-0.00532099,3206.21
LD WTSK,Trial     6,D4,0:15:20-0:15:40,3.94867,142.753,8,4.96,0,0,0,0,78.8155,0.0659572,4502.78
LD WTSK,Trial     6,D4,0:15:40-0:16:00,4.13517,104.052,2,11.96,0,0,0,0,82.7034,-0.0799033,2979.89
LD WTSK,Trial     6,D4,0:16:00-0:16:20,4.4527,127.354,1,0.16,0,0,0,0,89.0539,0.248255,4568.02
LD WTSK,Trial     6,D4,0:16:20-0:16:40,5.24177,129.416,1,1.78,0,0,0,0,104.835,-0.25193,5787.1
LD WTSK,Trial     6,D4,0:16:40-0:17:00,4.59276,107.593,28,17.84,0,0,0,0,91.6715,-0.00273651,5159.44
LD WTSK,Trial     6,D4,0:17:00-0:17:20,4.12196,51.9172,3,5.08,0,0,0,0,82.4391,-0.0776136,1453.93
LD WTSK,Trial     6,D4,0:17:20-0:17:40,4.6114,41.8667,1,7.04,0,0,0,0,92.2281,0.0243761,1699.87
LD WTSK,Trial     6,D4,0:17:40-0:18:00,3.75058,56.9332,1,0.22,0,0,0,0,75.0116,-0.0547376,1430.94
LD WTSK,Trial     6,D4,0:18:00-0:18:20,4.02086,29.9345,2,9.9,0,0,0,0,80.4172,-0.00257627,835.466
LD WTSK,Trial     6,D5,0:15:00-0:15:20,5.11739,41.0242,0,0,0,0,0,0,102.348,0.488234,1902.24
LD WTSK,Trial     6,D5,0:15:20-0:15:40,5.6623,46.9658,0,0,0,0,0,0,113.02,-0.198051,1618.71
LD WTSK,Trial     6,D5,0:15:40-0:16:00,5.40584,61.4222,0,0,0,0,0,0,108.117,-0.0680396,2439.25
LD WTSK,Trial     6,D5,0:16:00-0:16:20,5.06182,64.9926,0,0,0,0,0,0,101.236,0.0448116,1654.89
LD WTSK,Trial     6,D5,0:16:20-0:16:40,6.42797,102.457,0,0,0,0,0,0,128.559,0.957306,3210.14
LD WTSK,Trial     6,D5,0:16:40-0:17:00,5.71814,145.429,1,0.02,0,0,0,0,114.134,-0.861736,5439.05
LD WTSK,Trial     6,D5,0:17:00-0:17:20,6.12694,36.4511,0,0,0,0,0,0,122.539,-0.056596,1504.28
LD WTSK,Trial     6,D5,0:17:20-0:17:40,6.04731,101.779,0,0,0,0,0,0,120.946,-0.0744327,4304.77
LD WTSK,Trial     6,D5,0:17:40-0:18:00,5.00095,43.1117,0,0,0,0,0,0,100.019,0.0888627,1756.8
LD WTSK,Trial     6,D5,0:18:00-0:18:20,4.91146,42.7882,2,9.3,0,0,0,0,98.2292,-0.144458,1553.15
LD WTSK,Trial     6,D6,0:15:00-0:15:20,6.1819,133.571,1,2,0,0,0,0,123.638,0.396145,4546.42
LD WTSK,Trial     6,D6,0:15:20-0:15:40,6.31276,122.88,0,0,0,0,0,0,126.003,-0.207631,5087.85
LD WTSK,Trial     6,D6,0:15:40-0:16:00,5.4976,43.6033,0,0,0,0,0,0,109.952,0.239069,1573.34
LD WTSK,Trial     6,D6,0:16:00-0:16:20,6.26654,128.997,0,0,0,0,0,0,125.331,-0.216353,5145.32
LD WTSK,Trial     6,D6,0:16:20-0:16:40,5.65465,33.4223,1,2.08,0,0,0,0,113.093,0.41526,1404.8
LD WTSK,Trial     6,D6,0:16:40-0:17:00,5.94917,46.4451,2,1.32,0,0,0,0,118.745,0.00674373,1538.9
LD WTSK,Trial     6,D6,0:17:00-0:17:20,5.99575,45.0886,4,1.32,0,0,0,0,119.915,-0.172221,2079.82
LD WTSK,Trial     6,D6,0:17:20-0:17:40,6.50129,167.271,1,2.86,0,0,0,0,130.026,0.15286,7258.3
LD WTSK,Trial     6,D6,0:17:40-0:18:00,6.10948,32.2019,1,0.78,0,0,0,0,122.19,0.0977553,1412.76
LD WTSK,Trial     6,D6,0:18:00-0:18:20,5.43608,57.0507,4,2.94,0,0,0,0,108.722,-0.208379,2020.13